0,-0.19764465291076164
1,-0.19768486166038912
2,-0.1972827741641143
3,-0.1965858225039046
4,-0.19630436125651224
5,-0.19629095833996973
6,-0.19389183627886328
7,-0.19212265129525405
8,-0.18913380090627785
9,-0.1866944700955439
10,-0.19068853922520718
11,-0.19225668046067898
12,-0.19051430131015476
13,-0.19441455002402055
14,-0.19433413252476558
15,-0.1936237779480134
16,-0.1932082875351961
17,-0.19296703503743118
18,-0.19326189920136605
19,-0.19328870503445103
20,-0.19311446711939861
21,-0.19319488461865358
22,-0.19300724378705866
23,-0.1926989767065813
24,-0.19216286004488153
25,-0.19281960295546374
26,-0.1927123796231238
27,-0.1917741754651492
28,-0.19181438421477667
29,-0.0913729276453253
30,-0.09324933596127448
31,-0.08822324225783916
32,-0.08046295357973503
33,-0.07242120365423853
34,-0.06488876455735679
35,-0.06094830709386351
36,-0.05424684882261641
37,-0.04832275971083399
38,-0.045628773485792654
39,-0.036769445651204005
40,-0.017817735063033788
41,-0.012335928794237113
42,-0.0006485721662656327
43,0.010784102241565348
44,0.013558505965861644
45,0.023208592473540898
46,0.03086167122222163
47,-0.17695054976915064
48,-0.1772722197661705
49,-0.17619998644277096
50,-0.17747326351430792
51,-0.1759185251953786
52,-0.17282245147406242
53,-0.1666705127810576
54,-0.15895043285258095
55,-0.15877619493752854
56,-0.1982209783220889
57,-0.19819417248900392
58,-0.19814056082283393
59,-0.19811375498974895
60,-0.19812715790629143
61,-0.19811375498974895
62,-0.19807354624012147
63,-0.1980467404070365
64,-0.19801993457395148
65,-0.1968002691685845
66,-0.198006531657409
67,-0.19793951707469654
68,-0.1977250704100166
69,-0.19803333749049398
70,-0.19801993457395148
71,-0.198006531657409
72,-0.1979931287408665
73,-0.1979931287408665
74,-0.19796632290778152
75,-0.021382897460420686
76,-0.030778341956709105
77,-0.027561641986510503
78,-0.009172840490208486
79,-0.002994082561202114
80,0.00894788927232709
81,0.019549609660356543
82,0.011186203140756728
83,0.025460295855596476
84,0.03985504162515178
85,0.042053119938120824
86,0.05002784187798831
87,0.0468245448243322
88,0.04167783827493099
89,0.02663976591425252
90,-0.19448156460673302
91,-0.19397225377811825
92,-0.1926855737900388
93,-0.19264536504041133
94,-0.19169375796589425
95,-0.191037015055312
96,-0.19261855920732635
97,-0.19284640878854872
98,-0.19204223379599908
99,-0.1912916704696194
100,-0.1913184763027044
101,-0.19150611713429933
102,-0.19146590838467184
103,-0.19101020922222703
104,-0.1903936750612723
105,-0.1954735412658761
106,-0.19543421710874043
107,-0.1950164616030274
108,-0.19502136707048198
109,-0.1948788404559691
110,-0.19513932613897247
111,-0.19530151483205319
112,-0.1968546045922478
113,-0.19750827823494177
114,0.25629872746697374
115,0.26459513280677766
116,0.27495558729412567
117,0.2916288154729884
118,0.2973652637531759
119,0.3046028252832062
120,0.3183542310587218
121,0.32262976143577743
122,0.3311406268431778
123,0.32075336652274483
124,0.3199893868769061
125,0.31102283570997746
126,0.29942931290072
127,0.30769889900452235
128,0.3229246255997123
129,0.3201234294452476
130,0.31939965854903635
131,-0.10568724251270908
132,-0.09886515799257954
133,-0.09647943884801558
134,-0.09934766298810933
135,-0.10318089711926266
136,-0.10386444586292987
137,-0.11232168620124369
138,-0.10489647043670192
139,-0.10716156333238344
140,-0.1113968849598116
141,-0.11053909830109197
142,-0.11549817742181481
143,-0.11331350202538827
144,-0.11039166621912454
145,-0.1118525841222564
146,-0.16357443905974145
147,-0.16037114200608535
148,-0.16071961783619018
149,-0.1584009132743387
150,-0.15779778202992645
151,-0.16163101616107978
152,-0.16448583738463105
153,-0.16608078445318786
154,-0.1621001182400671
155,-0.15830709285854122
156,-0.1560822087124872
157,-0.15545227163498998
158,-0.15582755329817982
159,-0.15106951792559437
160,-0.1986632745679912
161,-0.1986632745679912
162,-0.1986632745679912
163,-0.1986632745679912
164,-0.1986632745679912
165,-0.1986632745679912
166,-0.1986632745679912
167,-0.1986632745679912
168,-0.1986632745679912
169,-0.1986632745679912
170,-0.1986632745679912
171,-0.1986632745679912
172,-0.1986632745679912
173,-0.1986632745679912
174,-0.1986632745679912
175,-0.1986632745679912
176,-0.1986632745679912
177,-0.17737944309851045
178,-0.17669589435484326
179,-0.17558345228181624
180,-0.17461844229075665
181,-0.17463184520729913
182,-0.17093264024157076
183,-0.1685201152639218
184,-0.16783656652025458
185,-0.1655312648749456
186,-0.16385590030713382
187,-0.16378888572442135
188,-0.15807924327731884
189,-0.157677155781044
190,-0.15805243744423383
191,-0.15775757328029896
192,-0.15736888870056664
193,-0.15408517414765557
194,-0.1696459602534913
195,-0.1641105557214412
196,-0.16189907449192967
197,-0.16029072450683038
198,-0.1577441703637565
199,-0.1505468041804371
200,-0.1477455946230558
201,-0.14293394758430042
202,-0.13087132269605564
203,-0.12572460274373787
204,-0.12093976153806746
205,-0.10190762004772572
206,-0.09897238132491949
207,-0.09232453471984238
208,-0.07704520986139901
209,-0.19700131291672193
210,-0.19690749250092446
211,-0.19682707500166952
212,-0.196813672085127
213,-0.196840477918212
214,-0.19676006041895702
215,-0.19669304583624456
216,-0.19627755542342726
217,-0.1965858225039046
218,-0.19630436125651224
219,-0.19673325458587204
220,-0.19696110416709445
221,-0.19693429833400947
222,-0.19698791000017943
223,-0.12770823439202703
224,-0.1291289435455314
225,-0.12802990438904688
226,-0.12355333026385382
227,-0.12256151443970925
228,-0.12139546070051226
229,-0.11753542073627393
230,-0.1160074882504296
231,-0.12018919821168778
232,-0.11832619281228109
233,-0.11891592114015083
234,-0.12518848608203811
235,-0.1235935390134813
236,-0.11965308154998802
237,-0.12136865486742728
238,-0.041487272274161956
239,-0.040053160204115076
240,-0.05009194469444322
241,-0.043859588502183425
242,-0.04584322015047256
243,-0.05041361469146308
244,-0.05304058633379194
245,-0.05848217045004458
246,-0.055345887979100936
247,-0.06507640538895171
248,-0.06935193576600736
249,-0.07097368866764915
250,-0.06920450368403992
251,-0.07784938485394867
252,-0.07116132949924407
253,-0.07238099490461104
254,-0.07439143238598517
255,-0.07313155823099071
256,-0.07400274780625284
257,-0.19806014332357896
258,-0.197952919991239
259,-0.19796632290778152
260,-0.197979725824324
261,-0.19807354624012147
262,-0.19803333749049398
263,-0.197979725824324
264,-0.197952919991239
265,-0.1979931287408665
266,-0.19670644875278706
267,-0.19791271124161153
268,-0.1977652791596441
269,-0.1977652791596441
270,-0.1980467404070365
271,-0.19801993457395148
272,-0.1977920849927291
273,-0.19780548790927158
274,-0.19781889082581408
275,-0.19780548790927158
276,-0.19676006041895702
277,-0.19633116708959722
278,-0.19539296293162262
279,-0.19511150168423025
280,-0.19401246252774573
281,-0.19330210795099353
282,-0.19327530211790855
283,-0.19273918545620877
284,-0.19218966587796651
285,-0.19243091837573142
286,-0.1927123796231238
287,-0.19170716088243672
288,-0.19127826755307692
289,-0.18962970881835012
290,-0.1894554709032977
291,-0.18871831049346052
292,-0.18887914549197046
293,-0.19797027676816156
294,-0.1979555335599648
295,-0.19791622280574567
296,-0.1979113039353746
297,-0.1978818175189811
298,-0.19768522353913576
299,-0.19779334486688407
300,-0.1978474122322165
301,-0.19817178961837792
302,-0.19779334486688407
303,-0.19791622280574567
304,-0.1978424933618454
305,-0.19838181332059884
306,-0.1982343812386314
307,-0.1982611870717164
308,-0.1982343812386314
309,-0.19812715790629143
310,-0.19787250249198404
311,-0.19780548790927158
312,-0.1977250704100166
313,-0.19763124999421916
314,-0.19741680332953926
315,-0.19736319166336927
316,-0.19725596833102932
317,-0.1802208614055192
318,-0.17914862808211968
319,-0.17779493351132777
320,-0.17465865104038414
321,-0.1733451652192197
322,-0.17083881982577329
323,-0.1710666694069957
324,-0.17073159649343334
325,-0.16684475069611002
326,-0.169230469840674
327,-0.16937790192264143
328,-0.17254099022667005
329,-0.17236675231161763
330,-0.1687211590120592
331,-0.1682654598496144
332,-0.16837268318195436
333,-0.19326189920136605
334,-0.19340933128333349
335,-0.1929268262878037
336,-0.19318148170211108
337,-0.19287321462163373
338,-0.19277939420583626
339,-0.19304745253668615
340,-0.19414649169317066
341,-0.19346294294950347
342,-0.19139889380195937
343,-0.1892946359047878
344,-0.18934824757095775
345,-0.18977714090031755
346,-0.18883893674234298
347,-0.18886574257542796
348,-0.18894616007468293
349,0.22174600862042373
350,0.22722781488922042
351,0.2179127744892704
352,0.24164932628311106
353,0.24589806422999827
354,0.2511654104311985
355,0.30210989620921885
356,0.33467897000456315
357,0.3619941273210828
358,0.41013741694463846
359,0.45384431438679546
360,0.487056741579096
361,0.400554304810922
362,0.41316644927740903
363,0.3830098870567971
364,0.38342537746961447
365,-0.14046781094048147
366,-0.1367552030582106
367,-0.1402265584427166
368,-0.1344230955798166
369,-0.13530768807162122
370,-0.13434267808056163
371,-0.1330559980924822
372,-0.1281639335544718
373,-0.13159508018935032
374,-0.1411513596841487
375,-0.1321311968510501
376,-0.1455073075604593
377,-0.1423040105068032
378,-0.13893987845463715
379,-0.14292054466775791
380,-0.19740340041299675
381,-0.19736319166336927
382,-0.19737659457991177
383,-0.19726937124757182
384,-0.19724256541448681
385,-0.19724256541448681
386,-0.19677346333549953
387,-0.1963847787557672
388,-0.19634457000613972
389,-0.19559400667976004
390,-0.19536615709853764
391,-0.19472281710449793
392,-0.19446816169019052
393,-0.19440114710747805
394,-0.19370419544726836
395,-0.19370419544726836
396,-0.1929402292043462
397,-0.19831479873788635
398,-0.19839521623714132
399,-0.1984488279033113
400,-0.19846223081985379
401,-0.19846223081985379
402,-0.1984220220702263
403,-0.1984220220702263
404,-0.1982611870717164
405,-0.19816736665591891
406,-0.19815396373937644
407,-0.19812715790629143
408,-0.19807354624012147
409,-0.197952919991239
410,-0.1977384733265591
411,-0.19769826457693163
412,-0.19603630292566235
413,-0.19578164751135496
414,-0.1957012300121
415,-0.19547338043087759
416,-0.19547338043087759
417,-0.19509809876768774
418,-0.19322169045173856
419,-0.19229688921030647
420,-0.1917741754651492
421,-0.19147931130121432
422,-0.18934824757095775
423,-0.18736461592266862
424,-0.18165497347556608
425,-0.1791218222490347
426,-0.17697735560223563
427,-0.19168035504935174
428,-0.1917473696320642
429,-0.1917875783816917
430,-0.1918009812982342
431,-0.19044728672744227
432,-0.19009881089733743
433,-0.1892410242386178
434,-0.18926783007170278
435,-0.18953588840255267
436,-0.18944206798675522
437,-0.1885440725784081
438,-0.1876058684204335
439,-0.18732440717304114
440,-0.18649342634740648
441,-0.1858098776037393
442,-0.1860243242684192
443,0.4905414998801445
444,0.5202959477986485
445,0.5371970925733164
446,0.5258046135121963
447,0.5674876437506036
448,0.5391270321379362
449,0.500057584028232
450,0.5210867600834053
451,0.5375455013888385
452,0.5460831458234907
453,0.5541517283879053
454,0.5476513540735453
455,0.5627296351838512
456,0.5788265513543033
457,0.5789873729498967
458,-0.1980145197956683
459,-0.1980145197956683
460,-0.1980440062120618
461,-0.19789656072717784
462,-0.1978818175189811
463,-0.19791622280574567
464,-0.19791622280574567
465,-0.19787689864861
466,-0.19794570922213914
467,-0.19793096601394242
468,-0.19793096601394242
469,-0.19834160457097136
470,-0.19835500748751383
471,-0.19836841040405634
472,-0.19835500748751383
473,-0.19834160457097136
474,-0.1984354249867688
475,-0.1984354249867688
476,-0.1984354249867688
477,-0.19840861915368382
478,-0.1984890366529388
479,-0.19840861915368382
480,-0.19838181332059884
481,-0.19836841040405634
482,-0.1982075754055464
483,-0.19812715790629143
484,-0.19806014332357896
485,-0.19806014332357896
486,-0.19801993457395148
487,-0.1979931287408665
488,-0.19793951707469654
489,-0.19700131291672193
490,-0.19718895374831685
491,-0.19617033209108728
492,-0.19563421542938753
493,-0.1957012300121
494,-0.19578164751135496
495,-0.19564761834593003
496,-0.13108576936073554
497,-0.1337529497526919
498,-0.1328281485112598
499,-0.13138063352467041
500,-0.1249874423339007
501,-0.12206560652763697
502,-0.1109411857973668
503,-0.1051779316840943
504,-0.09617117176753821
505,-0.08741906726528952
506,-0.09605054551865576
507,-0.08845109183906157
508,-0.08274144939195904
509,-0.08196408023249438
510,-0.08258061439344912
511,0.0
512,0.0
513,0.0
514,0.0
515,0.0
516,0.0
517,0.0
518,0.0
519,0.0
520,0.0
521,0.0
522,0.0
523,0.0
524,0.0
525,0.0
526,-0.12047065945908016
527,-0.11966648446653051
528,-0.12257491735625174
529,-0.12345950984805636
530,-0.12140886361705475
531,-0.12134184903434228
532,-0.11934481446951065
533,-0.118540639476961
534,-0.1134743370238982
535,-0.10604912125935642
536,-0.10524494626680678
537,-0.09564845802238094
538,-0.08784796059464932
539,-0.09332975346052945
540,-0.09004603890761836
541,-0.19852924540256628
542,-0.19851584248602377
543,-0.19846223081985379
544,-0.19846223081985379
545,-0.1984354249867688
546,-0.19851584248602377
547,-0.1984756337363963
548,-0.1984354249867688
549,-0.19846223081985379
550,-0.1984488279033113
551,-0.19840861915368382
552,-0.1984354249867688
553,-0.19840861915368382
554,-0.19836841040405634
555,-0.1982343812386314
556,-0.1986632745679912
557,-0.1986632745679912
558,-0.1986632745679912
559,-0.1986632745679912
560,-0.1986632745679912
561,-0.1986632745679912
562,-0.1986632745679912
563,-0.1986632745679912
564,-0.1986632745679912
565,-0.1986632745679912
566,-0.1986632745679912
567,-0.1986632745679912
568,-0.1986632745679912
569,-0.1986632745679912
570,-0.1986632745679912
571,-0.1986632745679912
572,-0.1986632745679912
573,-0.1920288308794566
574,-0.19139889380195937
575,-0.19126486463653442
576,-0.19088958297334457
577,-0.19070194214174965
578,-0.19025964589584735
579,-0.18987096131611503
580,-0.18847705799569564
581,-0.1885842813280356
582,-0.1890131746573954
583,-0.18913380090627785
584,-0.18870490757691805
585,-0.18867810174383304
586,-0.18823580549793073
587,-0.18816879091521826
588,-0.18855747549495058
589,-0.1878337180016559
590,-0.18759246550389103
591,-0.1744844131253317
592,-0.17148215981981302
593,-0.16969957191966129
594,-0.17038312066332847
595,-0.1699140185843412
596,-0.16969957191966129
597,-0.16799740151876452
598,-0.17144195107018553
599,-0.17258119897629753
600,-0.17315752438762477
601,-0.17532879686750885
602,-0.17689693810298066
603,-0.17603915144426102
604,-0.17664228268867327
605,-0.17652165643979081
606,-0.16431159946957863
607,-0.16467347821622597
608,-0.16338679822814653
609,-0.1627702640671918
610,-0.1615640015783673
611,-0.16281047281681926
612,-0.16250220573634191
613,-0.16098767616704007
614,-0.16168462782724977
615,-0.1599690545098105
616,-0.15951335534736572
617,-0.16224755032203453
618,-0.16349402156048648
619,-0.16286408448298925
620,-0.18910699507319287
621,-0.1892946359047878
622,-0.18905338340702288
623,-0.18823580549793073
624,-0.18794094133399586
625,-0.18752545092117853
626,-0.18807497049942082
627,-0.18843684924606816
628,-0.18914720382282035
629,-0.19004519923116744
630,-0.18953588840255267
631,-0.18948227673638268
632,-0.1889863688243104
633,-0.1887987279927155
634,-0.1890265775739379
635,-0.03357955151409039
636,-0.03418268275850263
637,-0.03979850478980769
638,-0.034115668175790155
639,-0.03321767276744304
640,-0.03702410106551139
641,-0.032976420269678154
642,-0.04009336895374256
643,-0.04821553637849403
644,-0.05234363467358224
645,-0.06309277374066258
646,-0.06797143536213046
647,-0.0657867599657039
648,-0.062315404581197914
649,-0.06218137541577297
650,-0.06342784665422493
651,-0.06960659118031474
652,-0.12595245232496027
653,-0.12650197190320253
654,-0.12664940398516997
655,-0.13138063352467041
656,-0.12075212070647254
657,-0.1270782973145298
658,-0.1314744539404679
659,-0.1344230955798166
660,-0.14743732754257846
661,-0.14510522006418447
662,-0.15132417333990175
663,-0.154259412062708
664,-0.154259412062708
665,-0.1588566124367835
666,-0.19816736665591891
667,-0.19815396373937644
668,-0.19812715790629143
669,-0.19811375498974895
670,-0.19812715790629143
671,-0.19808694915666397
672,-0.19808694915666397
673,-0.19803333749049398
674,-0.19803333749049398
675,-0.19803333749049398
676,-0.19796632290778152
677,-0.19801993457395148
678,-0.1979931287408665
679,-0.19791271124161153
680,-0.19812715790629143
681,-0.19810035207320645
682,-0.19810035207320645
683,-0.19812715790629143
684,-0.19810035207320645
685,-0.1984890366529388
686,-0.19846223081985379
687,-0.1984756337363963
688,-0.1984488279033113
689,-0.1984220220702263
690,-0.1984220220702263
691,-0.1979931287408665
692,-0.1984220220702263
693,-0.1984220220702263
694,-0.19832820165442885
695,-0.1984354249867688
696,-0.1984220220702263
697,-0.1984220220702263
698,-0.1984220220702263
699,-0.1984354249867688
700,-0.1984354249867688
701,-0.17364002938315456
702,-0.17067798482726335
703,-0.1735596118838996
704,-0.17361322355006958
705,-0.17136153357093056
706,-0.1710130577408257
707,-0.17231314064544764
708,-0.16960575150386384
709,-0.1701284652490211
710,-0.16570550278999802
711,-0.1670994061104174
712,-0.16216713282277956
713,-0.16910984359179154
714,-0.16616120195244283
715,-0.16626842528478278
716,-0.16561168237420057
717,-0.16357443905974145
718,-0.16084024408507264
719,-0.15828028702545624
720,-0.15759673828178905
721,-0.15618943204482716
722,-0.1524232124963863
723,-0.14263908342036555
724,-0.14301436508355536
725,-0.14699503129667615
726,-0.14486396756641956
727,-0.1986632745679912
728,-0.1986632745679912
729,-0.1986632745679912
730,-0.1986632745679912
731,-0.1986632745679912
732,-0.1986632745679912
733,-0.1986632745679912
734,-0.1986632745679912
735,-0.1986632745679912
736,-0.1986632745679912
737,-0.1986632745679912
738,-0.1986632745679912
739,-0.19111743255456698
740,-0.19070194214174965
741,-0.1899379758988275
742,-0.1894956796529252
743,-0.18895956299122543
744,-0.18958950006872266
745,-0.19000499048153996
746,-0.18983075256648754
747,-0.18928123298824528
748,-0.18953588840255267
749,-0.18820899966484575
750,-0.1956878270955575
751,-0.19410628294354318
752,-0.1924577242088164
753,-0.19194841338020163
754,-0.19035346631164482
755,-0.18751204800463606
756,-0.18610474176767416
757,-0.18721718384070118
758,-0.18564904260522935
759,-0.1853273726082095
760,-0.18806156758287831
761,-0.1897369321506901
762,-0.19004519923116744
763,-0.19149271421775682
764,-0.19780548790927158
765,-0.1977250704100166
766,-0.19775187624310162
767,-0.19775187624310162
768,-0.19785909957544157
769,-0.19796632290778152
770,-0.197979725824324
771,-0.19806014332357896
772,-0.1979931287408665
773,-0.19789930832506905
774,-0.19780548790927158
775,-0.1977920849927291
776,-0.1977920849927291
777,-0.19769826457693163
778,-0.19748381791225172
779,-0.1786259143369624
780,-0.17595873394500608
781,-0.1758515106126661
782,-0.17557004936527373
783,-0.17724541393308552
784,-0.17188424731608784
785,-0.17400190812980193
786,-0.17849188517153747
787,-0.17431017521027928
788,-0.17276883980789245
789,-0.17461844229075665
790,-0.177232011016543
791,-0.17626700102548343
792,-0.17813000642489013
793,-0.18501910552773213
794,-0.1977384733265591
795,-0.19784569665889906
796,-0.19783229374235656
797,-0.19781889082581408
798,-0.19781889082581408
799,-0.1977786820761866
800,-0.1977786820761866
801,-0.19781889082581408
802,-0.1977250704100166
803,-0.1977920849927291
804,-0.19775187624310162
805,-0.19765805582730414
806,-0.19763124999421916
807,-0.19753742957842169
808,-0.19747041499570922
809,-0.19737659457991177
810,-0.19389183627886328
811,-0.19253814170807138
812,-0.19193501046365913
813,-0.1915195200508418
814,-0.19142569963504436
815,-0.19067513630866467
816,-0.1899111700657425
817,-0.18999158756499748
818,-0.18729760133995615
819,-0.18515313469315708
820,-0.1821240755545534
821,-0.18138691514471622
822,-0.17745986059776542
823,-0.19757763832804917
824,-0.19726937124757182
825,-0.19748381791225172
826,-0.196813672085127
827,-0.19736319166336927
828,-0.19736319166336927
829,-0.19717555083177435
830,-0.1972827741641143
831,-0.19714874499868937
832,-0.19693429833400947
833,-0.19645179333847967
834,-0.19647859917156466
835,-0.12481320441884827
836,-0.11678485740989426
837,-0.11363517202240812
838,-0.1079523354083906
839,-0.10883692790019521
840,-0.12272234943821918
841,-0.12604627274075775
842,-0.12478639858576329
843,-0.13139403644121292
844,-0.13679541180783808
845,-0.1374119459687928
846,-0.14100392760218125
847,-0.13891307262155214
848,0.30142634746555164
849,0.30626480033739206
850,0.3062379811013905
851,0.307685522893813
852,0.2876347329404086
853,0.2620351891500778
854,0.2505220838400753
855,0.25510586789469175
856,0.2116000142006722
857,0.21856950399693606
858,0.22208109493690265
859,0.22732160849918476
860,0.21287326446637606
861,0.20412115996412736
862,-0.1986632745679912
863,-0.19051430131015476
864,-0.19031325756201734
865,-0.19003179631462497
866,-0.19050089839361226
867,-0.19054110714323974
868,-0.19137208796887437
869,-0.19204223379599908
870,-0.19159993755009677
871,-0.19169375796589425
872,-0.19091638880642958
873,-0.19115764130419446
874,-0.19090298588988708
875,-0.19046068964398477
876,-0.19005860214770995
877,-0.1915195200508418
878,-0.1918009812982342
879,-0.19162674338318175
880,-0.1986632745679912
881,-0.1986632745679912
882,-0.1986632745679912
883,-0.1986632745679912
884,-0.1986632745679912
885,-0.1986632745679912
886,-0.1986632745679912
887,-0.1986632745679912
888,-0.1986632745679912
889,-0.1986632745679912
890,-0.1986632745679912
891,-0.1986632745679912
892,-0.1986632745679912
893,-0.1986632745679912
894,-0.1986632745679912
895,-0.1986632745679912
896,-0.1986632745679912
897,-0.1986632745679912
898,-0.19394544794503327
899,-0.19469601127141292
900,-0.19442795294056306
901,-0.19414649169317066
902,-0.19298043795397368
903,-0.19236390379301893
904,-0.19111743255456698
905,-0.19217626296142404
906,-0.19113083547110948
907,-0.1915329229673843
908,-0.189924572982285
909,-0.1890265775739379
910,-0.18731100425649863
911,-0.18633259134889657
912,-0.18572946010448432
913,-0.18562223677214437
914,-0.18583668343682427
915,-0.1851129259435296
916,0.9141540801222156
917,0.9183089842503888
918,0.901810007389495
919,0.8767599429686568
920,0.8518573106297861
921,0.8597516418762317
922,0.7861964358910236
923,0.8374760079855229
924,0.8018376126902812
925,0.8201326205766188
926,0.8416041196835277
927,0.7878047992790395
928,0.7962486232978943
929,0.8027356617102945
930,0.7498611425472385
931,-0.19097000047259954
932,-0.19034006339510232
933,-0.18870490757691805
934,-0.18909359215665036
935,-0.1892276213220753
936,-0.18725739259032867
937,-0.18643981468123652
938,-0.18524695510895453
939,-0.18291484763056054
940,-0.17843827350536748
941,-0.17712478768420306
942,-0.1736266264666121
943,-0.17180382981683287
944,-0.06919110076749743
945,-0.06433924497911453
946,-0.06484855580772932
947,-0.06202054041726304
948,-0.06369590498507481
949,-0.05885745211323441
950,-0.06408458956480714
951,-0.07168404324440135
952,-0.08534161520120291
953,-0.09131931597915532
954,-0.10151893546799338
955,-0.10751003916248829
956,-0.10906477748141762
957,-0.10913179206413008
958,-0.11151751120869405
959,-0.19838181332059884
960,-0.19832820165442885
961,-0.19835500748751383
962,-0.19832820165442885
963,-0.19831479873788635
964,-0.19828799290480137
965,-0.19827458998825886
966,-0.19757763832804917
967,-0.19827458998825886
968,-0.19824778415517388
969,-0.19811375498974895
970,-0.1982343812386314
971,-0.19832820165442885
972,-0.19830139582134387
973,-0.19828799290480137
974,-0.19827458998825886
975,-0.1982343812386314
976,-0.1982209783220889
977,-0.1860377271849617
978,-0.18551501343980442
979,-0.1846304209479998
980,-0.18425513928480997
981,-0.18322311471103792
982,-0.18203025513875593
983,-0.1827808184651356
984,-0.18333033804337787
985,-0.18292825054710304
986,-0.18123948306274879
987,-0.17996620599121183
988,-0.17522157353516887
989,-0.17645464185707835
990,-0.17410913146214188
991,-0.17278224272443496
992,-0.19666624000315958
993,-0.19629095833996973
994,-0.19611672042491732
995,-0.19600949709257737
996,-0.19596928834294988
997,-0.19531254543236767
998,-0.19515171043385773
999,-0.19533935126545265
1000,-0.19574143876172748
1001,-0.1956610212624725
1002,-0.19525893376619768
1003,-0.19418670044279815
1004,-0.1936371808645559
1005,-0.193369122533706
1006,-0.19846223081985379
1007,-0.19846223081985379
1008,-0.19846223081985379
1009,-0.19839521623714132
1010,-0.19838181332059884
1011,-0.19836841040405634
1012,-0.19835500748751383
1013,-0.19835500748751383
1014,-0.19834160457097136
1015,-0.19834160457097136
1016,-0.19832820165442885
1017,-0.19830139582134387
1018,-0.19828799290480137
1019,-0.19824778415517388
1020,-0.19824778415517388
1021,-0.19646519625502215
1022,-0.19649200208810716
1023,-0.19649200208810716
1024,-0.1964249875053947
1025,-0.19667964291970208
1026,-0.19688068666783948
1027,-0.19651880792119214
1028,-0.19630436125651224
1029,-0.19621054084071476
1030,-0.19598269125949236
1031,-0.1958754679271524
1032,-0.19533935126545265
1033,-0.19535275418199516
1034,-0.19519191918348522
1035,-0.19484344335338036
1036,-0.19651880792119214
1037,-0.19621054084071476
1038,-0.1964249875053947
1039,-0.1963847787557672
1040,-0.1963579729226822
1041,-0.1959156766767799
1042,-0.1959424825098649
1043,-0.19599609417603486
1044,-0.19536615709853764
1045,-0.19504448710151778
1046,-0.19541976876470762
1047,-0.19511150168423025
1048,-0.19461559377215795
1049,-0.19420010335934065
1050,-0.19425371502551061
1051,-0.19421350627588313
1052,-0.1919752192132866
1053,-0.19088958297334457
1054,-0.19050089839361226
1055,-0.1885306696618656
1056,-0.18932144173787277
1057,-0.18721718384070118
1058,-0.18715016925798872
1059,-0.1878471209181984
1060,-0.18769968883623098
1061,-0.18685530509405385
1062,-0.18627897968272658
1063,-0.18610474176767416
1064,-0.18535417844129448
1065,-0.18597071260224923
1066,-0.1862521738496416
1067,-0.18519334344278457
1068,-0.18496549386156216
1069,-0.1254431414963455
1070,-0.12067170320721757
1071,-0.1231378398510365
1072,-0.12433069942331848
1073,-0.12648856898666005
1074,-0.12761441397622955
1075,-0.13454372182869906
1076,-0.13449011016252907
1077,-0.140454408023939
1078,-0.14403298674078494
1079,-0.14420722465583735
1080,-0.14052142260665146
1081,-0.13935536886745445
1082,-0.13642013014464824
1083,-0.1364737418108182
1084,-0.1365005476439032
1085,-0.195674424179015
1086,-0.19576824459481246
1087,-0.1956610212624725
1088,-0.195674424179015
1089,-0.19555379793013256
1090,-0.19559400667976004
1091,-0.19554039501359005
1092,-0.19574143876172748
1093,-0.19583525917752492
1094,-0.1961301233414598
1095,-0.19617033209108728
1096,-0.1959424825098649
1097,-0.1959156766767799
1098,-0.19590227376023742
1099,-0.19647859917156466
1100,-0.1964249875053947
1101,-0.1963847787557672
1102,1.058342656286368
1103,1.079358429424999
1104,1.1221271495150142
1105,1.2564512193126407
1106,1.3245379415280951
1107,1.4300724929807778
1108,1.7104213653147113
1109,1.8987323427367546
1110,2.360543141304518
1111,2.444968260037771
1112,2.693712947941171
1113,2.7436119794230436
1114,2.911362762242652
1115,0.0
1116,0.0
1117,0.206185222514588
1118,0.25869783612516367
1119,0.2599175015305306
1120,0.2898328246562942
1121,0.3054740416643014
1122,0.3254979721729546
1123,0.35825470020281036
1124,0.43839075161329966
1125,0.40170696903649306
1126,0.44991725983984465
1127,0.45613619971264535
1128,0.574671593614464
1129,0.6321031446107177
1130,-0.07648228736661426
1131,-0.08057017691207498
1132,-0.08747267893145949
1133,-0.09592991926977332
1134,-0.08052996816244751
1135,-0.07240780073769602
1136,-0.05317461549921688
1137,-0.04715670597163699
1138,-0.025765651169816283
1139,-0.01901059463531577
1140,-0.02017663497159621
1141,-0.00803359258409648
1142,0.00918915517300854
1143,0.02000529541988479
1144,-0.14166067051276346
1145,-0.1387656405395847
1146,-0.13613866889725584
1147,-0.1365273534769882
1148,-0.13730472263645285
1149,-0.14430104507163483
1150,-0.1447969529837071
1151,-0.14950137669012256
1152,-0.14889824544571031
1153,-0.15104271209250938
1154,-0.1489920658615078
1155,-0.1466331525500288
1156,-0.14818789086895812
1157,-0.12099337320423743
1158,-0.11679826032643675
1159,-0.11431872076607533
1160,-0.11401045368559797
1161,-0.11689208074223421
1162,-0.11244231245012615
1163,-0.10939985039497997
1164,-0.11056590413417697
1165,-0.10414590711032225
1166,-0.10508411126829684
1167,-0.1088637337332802
1168,-0.11191959870496887
1169,-0.1100163845559347
1170,-0.11679826032643675
1171,-0.11469400242926517
1172,0.38646785292767716
1173,0.39571586534199815
1174,0.42081954142900635
1175,0.43449048949651725
1176,0.43640710656209397
1177,0.42678381248458314
1178,0.4170265026445639
1179,0.39773971914283135
1180,0.3445167107467539
1181,0.33301702175621045
1182,0.306291606170477
1183,0.2656941585603456
1184,0.2402822421986932
1185,0.2425473350943747
1186,0.23677067806455973
1187,0.22653083642317762
1188,-0.18515313469315708
1189,-0.18449639178257485
1190,-0.1824993572177432
1191,-0.1825529688839132
1192,-0.1881017763325058
1193,-0.18863789299420555
1194,-0.1885708784114931
1195,-0.18933484465441525
1196,-0.1890265775739379
1197,-0.18916060673936283
1198,-0.18851726674532313
1199,-0.1889863688243104
1200,-0.1871233634249037
1201,1.386379038663913
1202,1.3699872717324426
1203,1.4185326086435235
1204,1.4268691825242052
1205,1.3956404808006095
1206,1.4432877552887606
1207,1.35368928500802
1208,1.2769710041217
1209,1.3513571909325426
1210,1.4815397327127051
1211,1.4938302607938385
1212,1.4326325036520604
1213,1.382130233702443
1214,1.3665159699596028
1215,1.29730328212833
1216,1.250955902903969
1217,-0.17685672935335317
1218,-0.17688353518643818
1219,-0.17605255436080353
1220,-0.17376065563203702
1221,-0.17203167939805528
1222,-0.17162959190178045
1223,-0.17039652357987098
1224,-0.17184403856646036
1225,-0.17083881982577329
1226,-0.16633543986749524
1227,-0.16676433319685505
1228,-0.16441882280191858
1229,-0.16474049279893843
1230,-0.16539723570952064
1231,-0.16565189112382805
1232,-0.04125942269293956
1233,-0.0027930522159812566
1234,0.02812748965046937
1235,0.12572751450999545
1236,0.10920171841310011
1237,0.13031131196752846
1238,0.12917207746433298
1239,0.08176594825061453
1240,0.056970552647000294
1241,0.07227666993561209
1242,0.08893650860084891
1243,0.08562598821485286
1244,-0.18751204800463606
1245,-0.18846365507915314
1246,-0.1899111700657425
1247,-0.18869150466037554
1248,-0.18751204800463606
1249,-0.1861985621834716
1250,-0.18610474176767416
1251,-0.18538098427437946
1252,-0.17976516224307443
1253,-0.17835785600611254
1254,-0.17559685519835871
1255,-0.17322453897033727
1256,-0.17522157353516887
1257,-0.16880157651131417
1258,-0.19862306581836373
1259,-0.19862306581836373
1260,-0.19860966290182122
1261,-0.19860966290182122
1262,-0.19859625998527874
1263,-0.19856945415219374
1264,-0.19856945415219374
1265,-0.19858285706873624
1266,-0.19858285706873624
1267,-0.19858285706873624
1268,-0.19859625998527874
1269,-0.19859625998527874
1270,-0.19858285706873624
1271,-0.19858285706873624
1272,-0.19858285706873624
1273,-0.19858285706873624
1274,-0.19856945415219374
1275,-0.19854264831910876
1276,-0.19854264831910876
1277,-0.19854264831910876
1278,-0.1318631385202002
1279,-0.12737316147846467
1280,-0.12415646150826606
1281,-0.1049634850194144
1282,-0.10158595005070586
1283,-0.1040386837779823
1284,-0.09701555550971534
1285,-0.09047493223697818
1286,-0.08703038268555718
1287,-0.08432299354397335
1288,-0.08157539565276205
1289,-0.0839745177138685
1290,-0.07935051150670802
1291,-0.07595957362145699
1292,-0.07705861277794152
1293,-0.0761740202861369
1294,-0.07448525280178263
1295,-0.1986632745679912
1296,-0.1986632745679912
1297,-0.1986632745679912
1298,-0.1986632745679912
1299,-0.1986632745679912
1300,-0.1986632745679912
1301,-0.1986632745679912
1302,-0.1986632745679912
1303,-0.1986632745679912
1304,-0.1986632745679912
1305,-0.1986632745679912
1306,-0.1986632745679912
1307,-0.1986632745679912
1308,-0.1986632745679912
1309,-0.1986632745679912
1310,-0.1986632745679912
1311,-0.1986632745679912
1312,-0.1986632745679912
1313,-0.1986632745679912
1314,-0.1986632745679912
1315,-0.18937505340404273
1316,-0.188812130909258
1317,-0.18845025216261063
1318,-0.1883296259137282
1319,-0.18723058675724366
1320,-0.18779350925202842
1321,-0.1887987279927155
1322,-0.18724398967378617
1323,-0.18807497049942082
1324,-0.18851726674532313
1325,-0.18867810174383304
1326,-0.18890595132505544
1327,-0.18885233965888548
1328,-0.18908018924010786
1329,-0.18912039798973534
1330,-0.18822240258138825
1331,-0.18851726674532313
1332,-0.17766090434590281
1333,-0.176092763110431
1334,-0.17850528808807997
1335,-0.17366683521623957
1336,-0.16931088733992897
1337,-0.17070479066034835
1338,-0.17027589733098852
1339,-0.16720662944275735
1340,-0.16751489652323473
1341,-0.16495493946361833
1342,-0.16246199698671443
1343,-0.1613897636633149
1344,-0.19814056082283393
1345,-0.19811375498974895
1346,-0.19808694915666397
1347,-0.19807354624012147
1348,-0.197952919991239
1349,-0.19792611415815403
1350,-0.19783229374235656
1351,-0.19784569665889906
1352,-0.19784569665889906
1353,-0.1977920849927291
1354,-0.1977384733265591
1355,-0.1977250704100166
1356,-0.19768486166038912
1357,-0.19763124999421916
1358,-0.19808694915666397
1359,-0.19806014332357896
1360,-0.19801993457395148
1361,-0.1977384733265591
1362,-0.19780548790927158
1363,-0.19793951707469654
1364,-0.19793951707469654
1365,-0.19768486166038912
1366,-0.19738999749645425
1367,-0.19743020624608174
1368,-0.1970281187498069
1369,-0.19697450708363695
1370,-0.19694770125055194
1371,-0.19714874499868937
1372,-0.1970817304159769
1373,-0.13872543178995722
1374,-0.13908731053660459
1375,-0.13309620684210968
1376,-0.1337127410030644
1377,-0.12764121980931456
1378,-0.13246626976461245
1379,-0.12726593814612472
1380,-0.11884890655743836
1381,-0.14243803967222812
1382,-0.12142226653359725
1383,-0.12010878071243282
1384,-0.12092635862152497
1385,-0.12986610395536857
1386,-0.13037541478398337
1387,-0.12277596110438915
1388,-0.12253470860662427
1389,-0.18457680928182982
1390,-0.18371902262311018
1391,-0.18362520220731274
1392,-0.18361179929077023
1393,-0.18121267722966378
1394,-0.1809580218153564
1395,-0.18115906556349382
1396,-0.1829952651298155
1397,-0.18177559972444854
1398,-0.18267359513279566
1399,-0.1834777701253453
1400,-0.18410770720284253
1401,-0.18382624595545016
1402,-0.18365200804039772
1403,-0.18362520220731274
1404,-0.1830488767959855
1405,-0.18719037800761618
1406,-0.18550161052326192
1407,-0.18493868802847716
1408,-0.183035473879443
1409,-0.18295505638018802
1410,-0.18377263428928017
1411,-0.18389326053816263
1412,-0.1846706296976273
1413,-0.18387985762162012
1414,-0.18405409553667254
1415,-0.18433555678406494
1416,-0.1850593142773596
1417,-0.18572946010448432
1418,-0.18642641176469402
1419,-0.18660064967974643
1420,-0.18594390676916422
1421,-0.19645179333847967
1422,-0.1964249875053947
1423,-0.19716214791523187
1424,-0.1965858225039046
1425,-0.19645179333847967
1426,-0.1963713758392247
1427,-0.19646519625502215
1428,-0.1963579729226822
1429,-0.19627755542342726
1430,-0.19572803584518497
1431,-0.1949908754353478
1432,-0.19462899668870046
1433,-0.19426711794205312
1434,-0.19440114710747805
1435,-0.19401246252774573
1436,-0.1931412729524836
1437,-0.19771166749347413
1438,-0.19775187624310162
1439,-0.19775187624310162
1440,-0.19761784707767666
1441,-0.1975508324949642
1442,-0.19737659457991177
1443,-0.19747041499570922
1444,-0.19734978874682677
1445,-0.1975240266618792
1446,-0.19741680332953926
1447,-0.1970683274994344
1448,-0.196813672085127
1449,-0.19671985166932957
1450,-0.03198460444553358
1451,-0.02514911700886155
1452,-0.015874298761455578
1453,-0.005004520042576241
1454,0.02572835418644636
1455,0.055911722240143256
1456,0.0732953049957582
1457,0.04517597268668886
1458,0.07306746881745237
1459,0.07718215079308152
1460,0.11851673200721702
1461,0.11836929992524958
1462,0.10641391177226132
1463,-0.1980467404070365
1464,-0.19801993457395148
1465,-0.197952919991239
1466,-0.19769826457693163
1467,-0.1974972208287942
1468,-0.1974972208287942
1469,-0.1974972208287942
1470,-0.19744360916262424
1471,-0.19713534208214686
1472,-0.19714874499868937
1473,-0.19682707500166952
1474,-0.19682707500166952
1475,-0.19630436125651224
1476,-0.19584866209406743
1477,-0.19583525917752492
1478,-0.19677346333549953
1479,-0.19650540500464964
1480,-0.19678686625204203
1481,-0.19667964291970208
1482,-0.19645179333847967
1483,-0.1961301233414598
1484,-0.1958754679271524
1485,-0.19529914251582517
1486,-0.19493726376917783
1487,-0.19448156460673302
1488,-0.19449496752327552
1489,-0.1941330887766282
1490,-0.19240411254264642
1491,-0.19172056379897923
1492,-0.19133187921924688
1493,-0.1908493742237171
1494,-0.19532594834891015
1495,-0.19555379793013256
1496,-0.19516511335040024
1497,-0.19517851626694271
1498,-0.19513830751731523
1499,-0.19511150168423025
1500,-0.1950176812684328
1501,-0.1950176812684328
1502,-0.19529914251582517
1503,-0.19519191918348522
1504,-0.1952187250165702
1505,-0.1950176812684328
1506,-0.1954867833474201
1507,-0.19643839042193717
1508,-0.1968538808347545
1509,-0.1966260312535321
1510,-0.1965858225039046
1511,-0.19696110416709445
1512,-0.19678686625204203
1513,-0.1965858225039046
1514,-0.19667964291970208
1515,-0.1966394341700746
1516,-0.19634457000613972
1517,-0.19599609417603486
1518,-0.19611672042491732
1519,-0.1954465745977926
1520,-0.19536615709853764
1521,-0.1950042783518903
1522,-0.1947764287706679
1523,-0.19389183627886328
1524,-0.1942939237751381
1525,-0.19398565669466075
1526,-0.19371759836381086
1527,-0.19540636584816512
1528,-0.19516511335040024
1529,-0.19497747251880532
1530,-0.1949506666857203
1531,-0.19469601127141292
1532,-0.19375780711343835
1533,-0.19378461294652333
1534,-0.19354336044875844
1535,-0.193369122533706
1536,-0.19324849628482357
1537,-0.19307425836977113
1538,-0.19312787003594112
1539,-0.19307425836977113
1540,0.3095485148903031
1541,0.30907941281131585
1542,0.3186893039722842
1543,0.3437393549902058
1544,0.3563515128596093
1545,0.4021894606291063
1546,0.4172677417394123
1547,0.4022832944478203
1548,0.42171752343443686
1549,0.45332161404455473
1550,0.43896706362171034
1551,0.4208731262893432
1552,0.43345847832566176
1553,0.4357101683048008
1554,0.4079125327985844
1555,-0.18660064967974643
1556,-0.18664085842937392
1557,-0.1857964746871968
1558,-0.18618515926692913
1559,-0.18585008635336678
1560,-0.18383964887199264
1561,-0.18201685222221345
1562,-0.18121267722966378
1563,-0.18127969181237627
1564,-0.17948370099568203
1565,-0.17758048684664787
1566,-0.1756906756141562
1567,-0.1740287139628869
1568,-0.17437718979299174
1569,-0.1754762289494763
1570,-0.17431017521027928
1571,-0.16977998941891626
1572,-0.19584866209406743
1573,-0.19631776417305472
1574,-0.19525893376619768
1575,-0.19554039501359005
1576,-0.1956878270955575
1577,-0.1955001862639626
1578,-0.19531254543236767
1579,-0.19517851626694271
1580,-0.15459448497627035
1581,-0.1484425462832655
1582,-0.14372471966030756
1583,-0.14025336427580157
1584,-0.1383501501267674
1585,-0.1365407563935307
1586,-0.1333240564233321
1587,-0.12928977854404133
1588,-0.12147587819976723
1589,-0.11769625573478386
1590,-0.11352794869006817
1591,-0.11159792870794902
1592,-0.10285922712224281
1593,-0.19674665750241455
1594,-0.19677346333549953
1595,-0.19655901667081963
1596,-0.1961033175083748
1597,-0.1963713758392247
1598,-0.19617033209108728
1599,-0.1956610212624725
1600,-0.19532594834891015
1601,-0.19507129293460276
1602,-0.19417329752625564
1603,-0.19373100128035334
1604,-0.19303404962014364
1605,-0.19214945712833903
1606,-0.19126486463653442
1607,-0.18899977174085292
1608,-0.18934824757095775
1609,-0.18861108716112057
1610,-0.1860109213518767
1611,-0.18753885383772104
1612,-0.18460361511491483
1613,-0.18530056677512452
1614,-0.18807497049942082
1615,-0.18862449007766308
1616,-0.18263338638316817
1617,-0.17582470477958112
1618,-0.1731441214710823
1619,-0.15510379580488512
1620,-0.15451406747701538
1621,-0.14944776502395257
1622,-0.19606310875874733
1623,-0.19536615709853764
1624,-0.19580845334443994
1625,-0.19547338043087759
1626,-0.1952723366827402
1627,-0.19461559377215795
1628,-0.19446816169019052
1629,-0.19420010335934065
1630,-0.1935835691983859
1631,-0.193369122533706
1632,-0.19303404962014364
1633,-0.19312787003594112
1634,-0.1929402292043462
1635,-0.19299384087051616
1636,-0.19300724378705866
1637,-0.19854264831910876
1638,-0.19855605123565126
1639,-0.19856945415219374
1640,-0.19856945415219374
1641,-0.19856945415219374
1642,-0.19859625998527874
1643,-0.19860966290182122
1644,-0.19860966290182122
1645,-0.19860966290182122
1646,-0.19860966290182122
1647,-0.19860966290182122
1648,-0.19859625998527874
1649,-0.19858285706873624
1650,-0.19858285706873624
1651,-0.19856945415219374
1652,-0.19858285706873624
1653,-0.19858285706873624
1654,-0.1940258654442882
1655,-0.19461559377215795
1656,-0.19489705501955035
1657,-0.19438774419093557
1658,-0.19465580252178544
1659,-0.19346294294950347
1660,-0.1924443212922739
1661,-0.1906215246424947
1662,-0.19050089839361226
1663,-0.1890265775739379
1664,-0.18471083844725478
1665,-0.18193643472295848
1666,-0.17830424433994255
1667,-0.18063635181833654
1668,0.018598002585839456
1669,0.025326266690171535
1670,0.032027724961418626
1671,0.020742469232638523
1672,0.02188171713875053
1673,0.02277971254709764
1674,0.030674030390626713
1675,0.014134831377188893
1676,0.01239245222666465
1677,0.01188314139804987
1678,0.012312034727409684
1679,0.013826550893794972
1680,0.01010054009498159
1681,-0.002524993885131373
1682,-0.19613212037602462
1683,-0.19543913597911153
1684,-0.19471665176288835
1685,-0.19481986762318212
1686,-0.19470681402214618
1687,-0.19389095168637147
1688,-0.19376316828005533
1689,-0.19348793938885522
1690,-0.19229363230158666
1691,-0.19152199959040217
1692,-0.15639047579296456
1693,-0.15389753331606065
1694,-0.1546480966424403
1695,-0.15278509124303363
1696,-0.15273147957686364
1697,-0.15407177123111307
1698,-0.15688638370503685
1699,-0.15806584036077634
1700,-0.1556265095500424
1701,-0.15592137371397727
1702,-0.15581415038163732
1703,-0.15539865996882
1704,-0.15685957787195187
1705,-0.15452747039355788
1706,-0.15529143663648004
1707,-0.1530799554069685
1708,-0.1936103750314709
1709,-0.193395928366791
1710,-0.19322169045173856
1711,-0.19255154462461385
1712,-0.19259175337424134
1713,-0.19256494754115636
1714,-0.19236390379301893
1715,-0.19263196212386882
1716,-0.19277939420583626
1717,-0.19261855920732635
1718,-0.19227008337722148
1719,-0.19237730670956144
1720,-0.1926721708734963
1721,-0.192283486293764
1722,-0.19159993755009677
1723,-0.19145250546812934
1724,-0.1913184763027044
1725,-0.19181438421477667
1726,-0.1977652791596441
1727,-0.1977250704100166
1728,-0.19764465291076164
1729,-0.19760444416113418
1730,-0.19764465291076164
1731,-0.19765805582730414
1732,-0.1975642354115067
1733,-0.1975106237453367
1734,-0.19721575958140183
1735,-0.19682707500166952
1736,-0.19602290000911984
1737,-0.19578164751135496
1738,-0.19583525917752492
1739,-0.19583525917752492
1740,-0.19578164751135496
1741,-0.06836011994186279
1742,-0.06202054041726304
1743,-0.07503477238002489
1744,-0.06329381748879999
1745,-0.06634968246048865
1746,-0.07968558442027036
1747,-0.0955278317734985
1748,-0.07795660818628862
1749,-0.07133556741429649
1750,-0.07087986825185169
1751,-0.05373753799400163
1752,-0.05423344590607392
1753,-0.050118750527528205
1754,-0.05324163008192935
1755,-0.05137862468252266
1756,-0.1869223196767663
1757,-0.1867078730120864
1758,-0.1874450334219236
1759,-0.18641300884815154
1760,-0.18681509634442636
1761,-0.18629238259926909
1762,-0.18630578551581156
1763,-0.18566244552177186
1764,-0.18595730968570673
1765,-0.18677488759479888
1766,-0.18708315467527623
1767,-0.18590369801953674
1768,-0.18775330050240094
1769,-0.18834302883027068
1770,-0.18873171341000303
1771,-0.18887914549197046
1772,-0.18753885383772104
1773,-0.15270467374377866
1774,-0.15212834833245142
1775,-0.1525974504114387
1776,-0.14884463377954035
1777,-0.14861678419831795
1778,-0.14880442502991287
1779,-0.1480672646200757
1780,-0.14924672127581518
1781,-0.1484961579494355
1782,-0.1431617971655228
1783,-0.14558772505971426
1784,-0.1470754487959311
1785,-0.14624446797029647
1786,-0.1457351571416817
1787,-0.14671357004928376
1788,-0.14810747336970315
1789,-0.15047978959772462
1790,-0.16109489949938002
1791,-0.15849473369013614
1792,-0.15617602912828465
1793,-0.1567657574561544
1794,-0.15710083036971675
1795,-0.14613724463795652
1796,-0.1420225492594108
1797,-0.14329582633094776
1798,-0.14023996135925906
1799,-0.1267968360671374
1800,-0.11421149743373538
1801,-0.10968131164237234
1802,-0.10198803754698069
1803,-0.09733722550673521
1804,-0.09676090009540796
1805,-0.06681878453947596
1806,-0.06484855580772932
1807,-0.06151122958864826
1808,-0.03558998899546451
1809,-0.021101436213028308
1810,-0.0026322306203878814
1811,-0.00812741299989394
1812,-0.004133343870230674
1813,-0.010191462147438045
1814,-0.008743947160848673
1815,-0.0059159317703824
1816,-0.00290027554832121
1817,0.008063323586355585
1818,0.04407694693312089
1819,0.06782691504642058
1820,0.05238675518946728
1821,-0.19158653463355427
1822,-0.19032666047855984
1823,-0.19114423838765196
1824,-0.18912039798973534
1825,-0.18634599426543905
1826,-0.18464382386454228
1827,-0.18492528511193468
1828,-0.18424173636826746
1829,-0.18432215386752243
1830,-0.18422833345172498
1831,-0.1850861201104446
1832,-0.18078378390030397
1833,-0.19487024918646537
1834,-0.19411968586008568
1835,-0.1938248216961508
1836,-0.19319488461865358
1837,-0.19205563671254158
1838,-0.19189480171403164
1839,-0.192283486293764
1840,-0.19192160754711662
1841,-0.19076895672446215
1842,-0.1899379758988275
1843,-0.1885306696618656
1844,-0.18850386382878062
1845,-0.1938248216961508
1846,-0.1935969721149284
1847,-0.1933825254502485
1848,-0.19334231670062102
1849,-0.19370419544726836
1850,-0.193369122533706
1851,-0.19287321462163373
1852,-0.19253814170807138
1853,-0.19166695213280924
1854,-0.18903998049048037
1855,-0.1878605238347409
1856,-0.18731100425649863
1857,-0.16029072450683038
1858,-0.16309193406421166
1859,-0.16149698699565485
1860,-0.15679256328923938
1861,-0.1567255487065269
1862,-0.15732867995093916
1863,-0.1533480137378184
1864,-0.147343507126781
1865,-0.14348346716254268
1866,-0.1383501501267674
1867,-0.13416844016550922
1868,-0.13198376476908266
1869,-0.12739996731154965
1870,-0.12555036482868545
1871,-0.1259256464918753
1872,-0.1254967531625155
1873,-0.10273860087336036
1874,-0.09997760006560656
1875,-0.09795375966768993
1876,-0.10052711964384882
1877,-0.09794035675114744
1878,-0.08885317933533639
1879,-0.0879149751773618
1880,-0.07066542158717179
1881,-0.0197343387256939
1882,0.19775478800935917
1883,0.19488656386926542
1884,0.18642933693386815
1885,0.20590377467011217
1886,0.20523362884298746
1887,0.2223089311152085
1888,0.22135732404069142
1889,0.2145888377838153
1890,0.21761791032533553
1891,0.20114571249169363
1892,0.18429827320361156
1893,0.20315614997306777
1894,0.22066035897756517
1895,0.21938709530894476
1896,0.19689700135063953
1897,-0.11602089116697209
1898,-0.11639617283016193
1899,-0.11074014204922938
1900,-0.11754882365281642
1901,-0.11539095408947486
1902,-0.11985412529812543
1903,-0.13038881770052585
1904,-0.13182292977057272
1905,-0.13403441100008426
1906,-0.1362592951461383
1907,-0.13710367888831543
1908,-0.13184973560365773
1909,-0.13331065350678958
1910,-0.1388326551222972
1911,-0.1986632745679912
1912,-0.1986632745679912
1913,-0.1986632745679912
1914,-0.1986632745679912
1915,-0.1986632745679912
1916,-0.1986632745679912
1917,-0.1986632745679912
1918,-0.1986632745679912
1919,-0.1986632745679912
1920,-0.1986632745679912
1921,-0.1986632745679912
1922,-0.1986632745679912
1923,-0.1986632745679912
1924,-0.1986632745679912
1925,-0.1986632745679912
1926,-0.1986632745679912
1927,-0.1986632745679912
1928,-0.1986632745679912
1929,-0.1986632745679912
1930,-0.1986632745679912
1931,-0.1602505157572029
1932,-0.15210154249936642
1933,-0.14700843421321863
1934,-0.11746840615356147
1935,-0.10726878666472339
1936,-0.0980341771669449
1937,-0.08921505808198373
1938,-0.08503334812072555
1939,-0.08216512398063179
1940,-0.0828352698077565
1941,-0.07539665112667224
1942,-0.07102730033381913
1943,-0.07302433489865076
1944,-0.0708664653353092
1945,-0.07172425199402882
1946,-0.06562592496719398
1947,-0.069016862852445
1948,-0.09048833515352069
1949,-0.09462983636515138
1950,-0.08896040266767634
1951,-0.10204164921315066
1952,-0.10277880962298784
1953,-0.10039309047842387
1954,-0.10271179504027537
1955,-0.0992002309061419
1956,-0.09954870673624674
1957,-0.19793951707469654
1958,-0.19791271124161153
1959,-0.19792611415815403
1960,-0.19791271124161153
1961,-0.19792611415815403
1962,-0.19792611415815403
1963,-0.19788590540852655
1964,-0.19791271124161153
1965,-0.19785909957544157
1966,-0.19775187624310162
1967,-0.19765805582730414
1968,-0.19757763832804917
1969,-0.19710853624906188
1970,-0.1970683274994344
1971,-0.1986632745679912
1972,-0.1986632745679912
1973,-0.1986632745679912
1974,-0.1986632745679912
1975,-0.1986632745679912
1976,-0.1986632745679912
1977,-0.1986632745679912
1978,-0.1986632745679912
1979,-0.1986632745679912
1980,-0.1986632745679912
1981,-0.1986632745679912
1982,-0.1986632745679912
1983,-0.1986632745679912
1984,-0.1986632745679912
1985,-0.1986632745679912
1986,-0.1986632745679912
1987,-0.1986632745679912
1988,-0.1986632745679912
1989,-0.1986632745679912
1990,-0.1986632745679912
1991,-0.1986632745679912
1992,-0.1986632745679912
1993,-0.1986632745679912
1994,-0.1986632745679912
1995,-0.1986632745679912
1996,-0.1986632745679912
1997,-0.1986632745679912
1998,-0.1986632745679912
1999,-0.1986632745679912
2000,-0.1986632745679912
2001,-0.1986632745679912
2002,-0.1986632745679912
2003,-0.1986632745679912
2004,-0.1986632745679912
2005,-0.1986632745679912
2006,-0.1986632745679912
2007,-0.1986632745679912
2008,-0.1986632745679912
2009,-0.1986632745679912
2010,-0.1986632745679912
2011,-0.1986632745679912
2012,-0.1986632745679912
2013,-0.19846223081985379
2014,-0.1984488279033113
2015,-0.1984354249867688
2016,-0.1984354249867688
2017,-0.19838181332059884
2018,-0.19839521623714132
2019,-0.19839521623714132
2020,-0.1984354249867688
2021,-0.1984220220702263
2022,-0.19840861915368382
2023,-0.19838181332059884
2024,-0.19824778415517388
2025,-0.1982611870717164
2026,-0.19859625998527874
2027,-0.19859625998527874
2028,-0.19858285706873624
2029,-0.19856945415219374
2030,-0.19856945415219374
2031,-0.19855605123565126
2032,-0.19855605123565126
2033,-0.19854264831910876
2034,-0.19852924540256628
2035,-0.19852924540256628
2036,-0.19850243956948127
2037,-0.19850243956948127
2038,-0.19850243956948127
2039,-0.19850243956948127
2040,-0.1984756337363963
2041,-0.1984756337363963
2042,-0.19846223081985379
2043,0.1359539398319185
2044,0.14189143186024342
2045,0.16623112830141284
2046,0.18309198390895398
2047,0.22391729450322437
2048,0.2509241579334336
2049,0.323675188926092
2050,0.3462054916340247
2051,0.4757848753639419
2052,0.5588561654972374
2053,0.5033547283035186
2054,-0.19252473879152887
2055,-0.19143910255158683
2056,-0.19106382088839702
2057,-0.19119785005382195
2058,-0.19035346631164482
2059,-0.19003179631462497
2060,-0.1897235292341476
2061,-0.18792753841745338
2062,-0.1871769750910737
2063,-0.18621196510001412
2064,-0.1850861201104446
2065,-0.1855284163563469
2066,-0.18501910552773213
2067,-0.18442937719986238
2068,-0.12969186604031616
2069,-0.13584380473332097
2070,-0.13000013312079353
2071,-0.14644551171843387
2072,-0.13782743638161013
2073,-0.13617887764688333
2074,-0.13521386765582377
2075,-0.13683562055746556
2076,-0.13707687305523045
2077,-0.19827458998825886
2078,-0.1982343812386314
2079,-0.1982075754055464
2080,-0.19815396373937644
2081,-0.19814056082283393
2082,-0.19810035207320645
2083,-0.19806014332357896
2084,-0.19807354624012147
2085,-0.19811375498974895
2086,-0.19808694915666397
2087,-0.197979725824324
2088,-0.19788590540852655
2089,-0.19784569665889906
2090,-0.1982209783220889
2091,-0.19807354624012147
2092,-0.1979931287408665
2093,-0.19792611415815403
2094,-0.197952919991239
2095,-0.19787250249198404
2096,-0.1979931287408665
2097,-0.19796632290778152
2098,-0.19796632290778152
2099,-0.19767145874384665
2100,-0.1975106237453367
2101,-0.19726937124757182
2102,-0.1971219391656044
2103,-0.19741680332953926
2104,-0.19740340041299675
2105,-0.1975106237453367
2106,-0.19745701207916674
2107,-0.14221019009100572
2108,-0.14332263216403274
2109,-0.14556091922662925
2110,-0.1492065125261877
2111,-0.14884463377954035
2112,-0.147343507126781
2113,-0.14716926921172857
2114,-0.1466197496334863
2115,-0.1418215055112734
2116,-0.13865841720724476
2117,-0.14010593219383413
2118,-0.13981106802989926
2119,-0.13915432511931705
2120,-0.13777382471544014
2121,-0.13687582930709305
2122,-0.1328013426781748
2123,-0.1351334501565688
2124,-0.13516025598965378
2125,-0.1986632745679912
2126,-0.1986632745679912
2127,-0.1986632745679912
2128,-0.1986632745679912
2129,-0.1986632745679912
2130,-0.1986632745679912
2131,-0.1986632745679912
2132,-0.1986632745679912
2133,-0.1986632745679912
2134,-0.1986632745679912
2135,-0.1986632745679912
2136,-0.1986632745679912
2137,-0.1986632745679912
2138,-0.1986632745679912
2139,-0.1986632745679912
2140,-0.17917543391520466
2141,-0.17804958892563516
2142,-0.17800938017600768
2143,-0.17762069559627536
2144,-0.17732583143234049
2145,-0.17539581145022132
2146,-0.17751347226393538
2147,-0.17839806475574002
2148,-0.17916203099866218
2149,-0.18109205098078135
2150,-0.18105184223115386
2151,-0.1800332205739243
2152,-0.17973835640998942
2153,-0.1804353080701991
2154,-0.19830139582134387
2155,-0.19824778415517388
2156,-0.1982075754055464
2157,-0.1982075754055464
2158,-0.1982343812386314
2159,-0.1982209783220889
2160,-0.19819417248900392
2161,-0.19819417248900392
2162,-0.19814056082283393
2163,-0.19818076957246142
2164,-0.19819417248900392
2165,-0.19818076957246142
2166,-0.198006531657409
2167,-0.197979725824324
2168,-0.19789930832506905
2169,-0.19788590540852655
2170,-0.19788590540852655
2171,-0.19783229374235656
2172,-0.19784569665889906
2173,-0.19781889082581408
2174,-0.19781889082581408
2175,-0.1977920849927291
2176,-0.1977920849927291
2177,-0.1977786820761866
2178,-0.1977786820761866
2179,-0.1977786820761866
2180,0.18286414773064813
2181,0.23095381228511724
2182,0.24540216972084253
2183,0.3106341377273286
2184,0.30749785525638496
2185,0.3103661062023118
2186,0.3335129296682827
2187,0.37329277256348886
2188,0.3430826254825401
2189,0.37137616890082875
2190,0.3733463976325754
2191,0.38693696840958103
2192,0.401693552717034
2193,0.37070602307370404
2194,0.38523477120285116
2195,-0.1966126283369896
2196,-0.19602290000911984
2197,-0.19634457000613972
2198,-0.1966260312535321
2199,-0.1965858225039046
2200,-0.1963847787557672
2201,0.1944576705399056
2202,0.19644130218819472
2203,0.2205129402985143
2204,0.22843406397512833
2205,0.25108499293194353
2206,0.27110895024642984
2207,0.2594216070213749
2208,0.27671135595827584
2209,0.23595308675255103
2210,0.18665715970925742
2211,0.16757141995566227
2212,0.16911274195513254
2213,0.16223704576883302
2214,0.12677294200030997
2215,0.12429341584286512
2216,0.14482667058304965
2217,0.13242897278124252
2218,0.15443657514693454
2219,0.12297991661878413
2220,-0.18401388678704506
2221,-0.18339735262609033
2222,-0.18203025513875593
2223,-0.1814137209778012
2224,-0.17992599724158434
2225,-0.18204365805529843
2226,-0.18044871098674162
2227,-0.18219109013726587
2228,-0.1811456626469513
2229,-0.1760793601938885
2230,-0.17925585141445963
2231,-0.17507414145320144
2232,-0.1673540615247248
2233,-0.16959234858732133
2234,-0.191037015055312
2235,-0.19028645172893235
2236,-0.1883296259137282
2237,-0.18803476174979333
2238,-0.18137351222817372
2239,-0.17995280307466932
2240,-0.1786259143369624
2241,-0.17791555976021023
2242,-0.17665568560521577
2243,-0.17732583143234049
2244,-0.1774866664308504
2245,-0.17826403559031506
2246,-0.1770577731014906
2247,-0.17034291191370102
2248,-0.1705707614949234
2249,-0.17070479066034835
2250,-0.1710264606573682
2251,-0.19667964291970208
2252,-0.19701471583326444
2253,-0.1968002691685845
2254,-0.19639818167230969
2255,-0.19677346333549953
2256,-0.19670644875278706
2257,-0.19671985166932957
2258,-0.19633116708959722
2259,-0.19604970584220485
2260,-0.19539296293162262
2261,-0.19559400667976004
2262,-0.19515171043385773
2263,-0.1950176812684328
2264,-0.19470941418795543
2265,-0.19531254543236767
2266,-0.1957012300121
2267,-0.19511150168423025
2268,-0.12829796271989677
2269,-0.12626071940543765
2270,-0.12467917525342333
2271,-0.1268370448167649
2272,-0.13312301267519466
2273,-0.13548192598667363
2274,-0.13680881472438056
2275,-0.14119156843377617
2276,-0.1341550372489667
2277,-0.13891307262155214
2278,-0.14218338425792074
2279,-0.14628467671992396
2280,-0.14613724463795652
2281,-0.14668676421619878
2282,-0.15175306666926158
2283,-0.14007912636074915
2284,-0.14026676719234407
2285,-0.13770681013272768
2286,-0.14030697594197156
2287,-0.13840376179293737
2288,-0.1401327380269191
2289,-0.138068688879375
2290,-0.14167407342930596
2291,-0.14032037885851403
2292,-0.14533306964540688
2293,-0.1454939046439168
2294,-0.14679398754853873
2295,-0.14842914336672303
2296,-0.1957146329286425
2297,-0.19578164751135496
2298,-0.19580845334443994
2299,-0.19574143876172748
2300,-0.19517851626694271
2301,-0.19535275418199516
2302,-0.19428052085859562
2303,-0.19458878793907297
2304,-0.1954331716812501
2305,-0.19537956001508014
2306,-0.19461559377215795
2307,-0.19437434127439307
2308,-0.19209584546216907
2309,-0.19050089839361226
2310,-0.188785325076173
2311,-0.18702954300910626
2312,-0.1860377271849617
2313,0.021801299639495564
2314,0.048272073213838126
2315,0.05857888922918304
2316,0.08305262823869397
2317,0.09321203897790456
2318,0.09604005436837083
2319,0.10235282805988559
2320,0.10636030010609135
2321,0.09654935179406905
2322,0.1154742833549874
2323,0.1144288692675894
2324,0.13732102391633635
2325,0.15075077309774862
2326,0.1455236088403428
2327,0.15517372215385516
2328,0.14585868175390515
2329,0.15931522336548584
2330,-0.19696110416709445
2331,-0.1970817304159769
2332,-0.196867283751297
2333,-0.19621054084071476
2334,-0.19627755542342726
2335,-0.19631776417305472
2336,-0.19655901667081963
2337,-0.19655901667081963
2338,-0.19488365210300784
2339,-0.19528573959928267
2340,-0.19631776417305472
2341,-0.19653221083773464
2342,-0.19621054084071476
2343,-0.19558060376321754
2344,-0.1958888708436949
2345,-0.19556720084667506
2346,-0.1954867833474201
2347,-0.19852924540256628
2348,-0.19850243956948127
2349,-0.1984890366529388
2350,-0.1984890366529388
2351,-0.19846223081985379
2352,-0.1984890366529388
2353,-0.1984756337363963
2354,-0.19850243956948127
2355,-0.19851584248602377
2356,-0.19850243956948127
2357,-0.19851584248602377
2358,-0.1984488279033113
2359,-0.1984488279033113
2360,-0.18308908554561298
2361,-0.1816683763921086
2362,-0.17708457893457558
2363,-0.17508754436974394
2364,-0.1717770239837479
2365,-0.17118729565587815
2366,-0.1731441214710823
2367,-0.1699006156677987
2368,-0.16882838234439917
2369,-0.16982019816854374
2370,-0.16889539692711164
2371,-0.16912324650833405
2372,-0.17412253437868436
2373,-0.17420295187793933
2374,-0.17483288895543656
2375,-0.17091923732502826
2376,-0.16975318358583127
2377,-0.16956554275423635
2378,-0.16984700400162872
2379,-0.1685335181804643
2380,-0.16787677526988207
2381,-0.16663030403143012
2382,-0.1648209102981934
2383,-0.16476729863202344
2384,-0.1617784482430472
2385,-0.16141656949639988
2386,-0.1613361519971449
2387,-0.15852153952322115
2388,-0.15781118494646895
2389,-0.15897723868566593
2390,-0.15850813660667865
2391,-0.1586019570224761
2392,-0.1585751511893911
2393,-0.1986632745679912
2394,-0.1986632745679912
2395,-0.1986632745679912
2396,-0.1986632745679912
2397,-0.1986632745679912
2398,-0.1986632745679912
2399,-0.1986632745679912
2400,-0.1986632745679912
2401,-0.1986632745679912
2402,-0.1986632745679912
2403,-0.1986632745679912
2404,-0.1986632745679912
2405,-0.1986632745679912
2406,-0.1986632745679912
2407,-0.1986632745679912
2408,-0.14704864296284612
2409,-0.1365407563935307
2410,-0.13249307559769744
2411,-0.13085791977951314
2412,-0.12907533187936143
2413,-0.12028301862748524
2414,-0.1192107853040857
2415,-0.1284453948018642
2416,-0.11934481446951065
2417,-0.1109411857973668
2418,-0.10616974750823888
2419,-0.10454799460659707
2420,-0.10028586714608392
2421,-0.10066114880927376
2422,-0.1986498716514487
2423,-0.1986498716514487
2424,-0.1986498716514487
2425,-0.1986498716514487
2426,-0.1986498716514487
2427,-0.1986498716514487
2428,-0.1986498716514487
2429,-0.1986498716514487
2430,-0.1986498716514487
2431,-0.1986498716514487
2432,-0.1986498716514487
2433,-0.1986498716514487
2434,-0.1986498716514487
2435,-0.1986498716514487
2436,-0.1986498716514487
2437,-0.1986498716514487
2438,-0.1986498716514487
2439,-0.1986498716514487
2440,-0.19692089541746696
2441,-0.19692089541746696
2442,-0.19666624000315958
2443,-0.19655901667081963
2444,-0.19647859917156466
2445,-0.1954465745977926
2446,-0.19481663752029538
2447,-0.1936505837810984
2448,-0.1935969721149284
2449,-0.1931546758690261
2450,-0.19233709795993395
2451,-0.19080916547408963
2452,-0.19080916547408963
2453,0.1999126575727007
2454,0.20416138211667137
2455,0.24394125181771067
2456,0.2129939175210916
2457,0.19727228301382937
2458,0.20877197200437284
2459,0.2196953757923387
2460,0.20503258509485006
2461,0.13858091147424736
2462,0.17274493233814847
2463,0.16357733742308245
2464,0.11996426039672294
2465,0.05742626521236165
2466,0.07161994042794644
2467,0.05012166229378577
2468,0.035525886179009605
2469,-0.06838692577494777
2470,-0.06577335704916142
2471,-0.05951419502381663
2472,-0.05121778968401273
2473,-0.035737421077431955
2474,-0.02197262578829043
2475,0.010489238077630476
2476,0.011789320982252412
2477,0.019522790424354997
2478,0.023289036778628973
2479,0.048580326891398934
2480,0.04896899806821471
2481,0.06301528141058173
2482,0.07084257126848177
2483,0.06542777958239757
2484,0.03872918323266571
2485,0.05446420725355388
2486,0.5128841617564823
2487,0.5127501057852243
2488,0.5292223438276158
2489,0.5263272602427709
2490,0.5278552195344483
2491,0.512361448011325
2492,0.49204266674165353
2493,0.42656936581990323
2494,0.44794703110809797
2495,0.39855728364900694
2496,0.4282983554568015
2497,0.35836195034098345
2498,0.3389008887154488
2499,0.3117331902867297
2500,0.2932237625415452
2501,0.0
2502,0.0
2503,0.0
2504,0.0
2505,0.0
2506,0.0
2507,0.0
2508,0.0
2509,0.0
2510,0.0
2511,0.0
2512,0.0
2513,0.0
2514,0.0
2515,0.0
2516,-0.19259175337424134
2517,-0.19264536504041133
2518,-0.19134528213578939
2519,-0.19139889380195937
2520,-0.1901792283965924
2521,-0.1908225683906321
2522,-0.19024624297930487
2523,-0.18724398967378617
2524,-0.1887987279927155
2525,-0.18995137881537
2526,-0.189924572982285
2527,-0.19048749547706975
2528,-0.1898977671492
2529,-0.18996478173191247
2530,-0.03272176485537076
2531,-0.030188613628839362
2532,-0.0245727915975343
2533,-0.03526831899844465
2534,-0.031341264451493864
2535,-0.038913912298003075
2536,-0.02796372948278533
2537,-0.03437032359009755
2538,-0.025926486168326213
2539,-0.04247908809830653
2540,-0.029464856135544674
2541,-0.026261559081888566
2542,-0.04873825012365131
2543,-0.058106888786854737
2544,-0.05762438379132495
2545,-0.05186112967805245
2546,-0.04792067221455916
2547,-0.04223783560054163
2548,-0.19854264831910876
2549,-0.19856945415219374
2550,-0.19851584248602377
2551,-0.19852924540256628
2552,-0.1984890366529388
2553,-0.1984890366529388
2554,-0.1984890366529388
2555,-0.19851584248602377
2556,-0.1984756337363963
2557,-0.19838181332059884
2558,-0.19838181332059884
2559,-0.1986632745679912
2560,-0.1986632745679912
2561,-0.1986632745679912
2562,-0.1986632745679912
2563,-0.1986632745679912
2564,-0.1986632745679912
2565,-0.1986632745679912
2566,-0.1986632745679912
2567,-0.1986632745679912
2568,-0.1986632745679912
2569,-0.1986632745679912
2570,-0.1986632745679912
2571,-0.1986632745679912
2572,-0.1986632745679912
2573,-0.1986632745679912
2574,-0.1986632745679912
2575,-0.19623734667379977
2576,-0.1961971379241723
2577,-0.19608991459183234
2578,-0.19559400667976004
2579,-0.19574143876172748
2580,-0.19600949709257737
2581,-0.19572803584518497
2582,-0.19532594834891015
2583,-0.1945753850225305
2584,-0.19326189920136605
2585,-0.19237730670956144
2586,-0.1920154279629141
2587,-0.1915329229673843
2588,-0.18953588840255267
2589,-0.1883028200806432
2590,-0.18954929131909518
2591,-0.18030127890477418
2592,-0.1800332205739243
2593,-0.18192303180641597
2594,-0.18501910552773213
2595,-0.18548820760671944
2596,-0.1855820280225169
2597,-0.1857964746871968
2598,-0.18337054679300535
2599,-0.18247255138465823
2600,-0.18200344930567094
2601,-0.18389326053816263
2602,-0.18480465886305222
2603,-0.1820704638883834
2604,-0.18290144471401806
