Entity,Year,Access to electricity (% of population),Access to clean fuels for cooking,Renewable-electricity-generating-capacity-per-capita,Financial flows to developing countries (US $),Renewable energy share in the total final energy consumption (%),Electricity from fossil fuels (TWh),Electricity from nuclear (TWh),Electricity from renewables (TWh),Low-carbon electricity (% electricity),Primary energy consumption per capita (kWh/person),Energy intensity level of primary energy (MJ/$2017 PPP GDP),Value_co2_emissions_kt_by_country,Renewables (% equivalent primary energy),gdp_growth,gdp_per_capita,Density\n(P/Km2),Land Area(Km2),Latitude,Longitude
Afghanistan,2020,97.7,33.2,9.35,47754516.12903226,17.138849206349207,0.12,0.0,0.68,85.0,702.89,3.3002032520325204,,11.809621212121211,-2.35,516.75,60.0,652230.0,33.93911,67.709953
Albania,2020,100.0,81.3,95.71330769230768,47754516.12903226,17.138849206349207,0.0,0.0,5.31,100.0,11158.0,3.3002032520325204,,11.809621212121211,-3.96,5246.29,105.0,28748.0,41.153332,20.168331
Algeria,2020,99.8,99.7,15.64,47754516.12903226,17.138849206349207,71.78,0.0,0.72,0.99,14933.81,3.3002032520325204,,0.3,-5.1,3306.86,18.0,1244230.5,28.033886,1.659626
Angola,2020,46.89,50.2,115.43,47754516.12903226,17.138849206349207,4.49,0.0,12.1,72.94,3527.16,3.3002032520325204,,11.809621212121211,-5.26,1776.17,26.0,1244230.5,-11.202692,17.873887
Antigua and Barbuda,2020,100.0,100.0,167.98,47754516.12903226,17.138849206349207,0.31,0.0,0.02,6.06,27785.23,3.3002032520325204,,11.809621212121211,-5.26,13992.74,223.0,443.0,17.060816,-61.796428
Argentina,2020,100.0,99.9,286.495,47754516.12903226,17.138849206349207,71.78,10.06,34.050000000000004,33.97,19314.07,3.3002032520325204,,12.18,-5.26,8579.02,17.0,1244230.5,-38.416097,-63.616672
Armenia,2020,100.0,98.1,286.495,47754516.12903226,17.138849206349207,2.98,2.55,1.92,60.0,17086.05,3.3002032520325204,,11.809621212121211,-5.26,4266.02,104.0,29743.0,40.069099,45.038189
Aruba,2017,100.0,72.09883419689119,286.495,47754516.12903226,6.7,0.79,0.0,0.14,15.05,51509.81,3.13,,11.809621212121211,2.0,29350.81,496.5,179.0,12.52111,-69.96833
Aruba,2018,100.0,72.09883419689119,286.495,47754516.12903226,8.02,0.76,0.0,0.15,16.48,49515.11,3.07,,11.809621212121211,-1.5726341463414633,30253.28,496.5,179.0,12.52111,-69.96833
Aruba,2019,100.0,72.09883419689119,286.495,47754516.12903226,7.48,0.77,0.0,0.15,16.3,51107.84,3.2,,11.809621212121211,-1.5726341463414633,31155.749999999996,496.5,179.0,12.52111,-69.96833
Aruba,2020,100.0,72.09883419689119,286.495,47754516.12903226,5.080000000000004,0.73,0.0,0.15,17.05,43496.94,3.520000000000001,,11.809621212121211,-1.5726341463414633,32058.219999999994,496.5,179.0,12.52111,-69.96833
Australia,2020,100.0,100.0,95.71330769230768,47754516.12903226,17.138849206349207,71.78,0.0,34.050000000000004,25.5,61826.21,3.3002032520325204,,10.79,0.0,37414.814999999995,3.0,1244230.5,-25.274398,133.775136
Austria,2020,100.0,100.0,95.71330769230768,47754516.12903226,17.138849206349207,13.77,0.0,34.050000000000004,80.1,45028.27,3.3002032520325204,,38.26,-5.26,37414.814999999995,109.0,83871.0,47.516231,14.550072
Azerbaijan,2020,100.0,96.8,127.35,47754516.12903226,17.138849206349207,23.16,0.0,1.22,5.0,17803.63,3.3002032520325204,,1.98,-4.3,4221.41,123.0,86600.0,40.143105,47.576927
Bahamas,2000,100.0,100.0,0.0,47754516.12903226,0.0,1.57,0.0,0.0,0.0,50650.19,2.33,,11.809621212121211,-1.5726341463414633,13973.745238095238,41.0,13878.0,25.025885,-78.035889
Bahamas,2001,100.0,100.0,0.0,47754516.12903226,0.42,1.63,0.0,0.0,0.0,50899.53,2.19,,11.809621212121211,-1.5726341463414633,13973.745238095238,41.0,13878.0,25.025885,-78.035889
Bahamas,2002,100.0,100.0,0.0,47754516.12903226,0.38,1.72,0.0,0.0,0.0,52098.81,2.23,,11.809621212121211,-1.5726341463414633,13973.745238095238,41.0,13878.0,25.025885,-78.035889
Bahamas,2003,100.0,100.0,0.0,47754516.12903226,1.54,1.81,0.0,0.0,0.0,35908.12,2.32,,11.809621212121211,-1.5726341463414633,13973.745238095238,41.0,13878.0,25.025885,-78.035889
Bahamas,2004,100.0,100.0,0.0,47754516.12903226,1.59,1.79,0.0,0.0,0.0,39267.47,2.27,,11.809621212121211,-1.5726341463414633,13973.745238095238,41.0,13878.0,25.025885,-78.035889
Bahamas,2005,100.0,100.0,0.0,47754516.12903226,1.71,1.89,0.0,0.0,0.0,37244.64,2.1,,11.809621212121211,-1.5726341463414633,13973.745238095238,41.0,13878.0,25.025885,-78.035889
Bahamas,2006,100.0,100.0,0.0,47754516.12903226,2.01,1.93,0.0,0.0,0.0,42663.53,2.0,,11.809621212121211,-1.5726341463414633,13973.745238095238,41.0,13878.0,25.025885,-78.035889
Bahamas,2007,100.0,100.0,0.3,47754516.12903226,3.54,2.05,0.0,0.0,0.0,48444.41,2.0,,11.809621212121211,-1.5726341463414633,13973.745238095238,41.0,13878.0,25.025885,-78.035889
Bahamas,2008,100.0,100.0,0.29,47754516.12903226,1.97,2.05,0.0,0.0,0.0,46670.27,2.08,,11.809621212121211,-1.5726341463414633,13973.745238095238,41.0,13878.0,25.025885,-78.035889
Bahamas,2009,100.0,100.0,0.57,47754516.12903226,1.83,1.95,0.0,0.0,0.0,34584.96,2.23,,11.809621212121211,-1.5726341463414633,13973.745238095238,41.0,13878.0,25.025885,-78.035889
Bahamas,2010,100.0,100.0,0.85,47754516.12903226,1.65,1.89,0.0,0.0,0.0,35531.06,2.14,,11.809621212121211,-1.5726341463414633,13973.745238095238,41.0,13878.0,25.025885,-78.035889
Bahamas,2011,100.0,100.0,1.14,47754516.12903226,1.42,1.93,0.0,0.0,0.0,30982.49,2.35,,11.809621212121211,-1.5726341463414633,13973.745238095238,41.0,13878.0,25.025885,-78.035889
Bahamas,2012,100.0,100.0,1.71,47754516.12903226,1.18,1.79,0.0,0.0,0.0,35422.56,2.5,,11.809621212121211,-1.5726341463414633,13973.745238095238,41.0,13878.0,25.025885,-78.035889
Bahamas,2013,100.0,100.0,1.7,47754516.12903226,0.96,1.77,0.0,0.0,0.0,32656.57,2.98,,11.809621212121211,-1.5726341463414633,13973.745238095238,41.0,13878.0,25.025885,-78.035889
Bahamas,2014,100.0,100.0,3.44,47754516.12903226,1.14,1.81,0.0,0.0,0.0,31772.07,2.65,,11.809621212121211,-1.5726341463414633,13973.745238095238,41.0,13878.0,25.025885,-78.035889
Bahamas,2015,100.0,100.0,3.47,47754516.12903226,1.54,1.88,0.0,0.0,0.0,30096.48,2.33,,11.809621212121211,-1.5726341463414633,13973.745238095238,41.0,13878.0,25.025885,-78.035889
Bahamas,2016,100.0,100.0,3.84,47754516.12903226,1.53,1.85,0.0,0.0,0.0,31247.1,2.12,,11.809621212121211,-1.5726341463414633,13973.745238095238,41.0,13878.0,25.025885,-78.035889
Bahamas,2017,100.0,100.0,3.66,20000.0,1.44,1.87,0.0,0.0,0.0,36977.28,2.18,,11.809621212121211,-1.5726341463414633,13973.745238095238,41.0,13878.0,25.025885,-78.035889
Bahamas,2018,100.0,100.0,3.54,110000.0,1.02,2.14,0.0,0.0,0.0,39876.79,2.72,,11.809621212121211,-1.5726341463414633,13973.745238095238,41.0,13878.0,25.025885,-78.035889
Bahamas,2019,100.0,100.0,5.88,560000.0,1.14,2.1,0.0,0.0,0.0,39636.07,2.53,,11.809621212121211,-1.5726341463414633,13973.745238095238,41.0,13878.0,25.025885,-78.035889
Bahamas,2020,100.0,100.0,5.68,47754516.12903226,3.0316550704938607,1.99,0.0,0.0,0.0,33301.77,0.024166374079040764,,11.809621212121211,-1.5726341463414633,13973.745238095238,41.0,13878.0,25.025885,-78.035889
Bahrain,2020,100.0,100.0,6.13,47754516.12903226,17.138849206349207,29.85,0.0,0.01,0.03,80254.725,3.3002032520325204,,11.809621212121211,-5.09,20409.95,496.5,765.0,26.0667,50.5577
Bangladesh,2020,96.2,25.0,3.12,47754516.12903226,17.138849206349207,71.78,0.0,1.31,1.73,2730.08,3.3002032520325204,,0.66,3.51,1961.61,496.5,148460.0,23.684994,90.356331
Barbados,2020,100.0,100.0,174.06,47754516.12903226,17.138849206349207,0.93,0.0,0.07,7.0,21577.83,3.3002032520325204,,11.809621212121211,-5.26,15373.85,496.5,430.0,13.193887,-59.543198
Belarus,2020,100.0,99.6,95.71330769230768,47754516.12903226,17.138849206349207,34.59,0.34,1.27,4.45,29768.56,3.3002032520325204,,0.99,-0.9,6424.15,47.0,207600.0,53.709807,27.953389
Belgium,2020,100.0,100.0,95.71330769230768,47754516.12903226,17.138849206349207,30.0,34.43,23.46,65.87,57433.73,3.3002032520325204,,10.64,-5.26,37414.814999999995,383.0,30528.0,50.503887,4.469936
Belize,2020,97.11,82.1,258.71,47754516.12903226,17.138849206349207,0.38,0.0,0.24,38.71,7226.43,3.3002032520325204,,11.809621212121211,-5.26,4115.18,17.0,22966.0,17.189877,-88.49765
Benin,2020,41.41,4.0,0.28,47754516.12903226,17.138849206349207,0.22,0.0,0.01,4.35,2518.62,3.3002032520325204,,11.809621212121211,3.85,1291.04,108.0,112622.0,9.30769,2.315834
Bermuda,2017,100.0,72.09883419689119,95.71330769230768,47754516.12903226,0.64,0.0,0.0,0.0,40.028333333333336,49395.46,1.77,,11.809621212121211,3.61,37414.814999999995,496.5,54.0,32.299507,-64.790337
Bermuda,2018,100.0,72.09883419689119,95.71330769230768,47754516.12903226,0.67,0.0,0.0,0.0,40.028333333333336,50863.38,1.97,,11.809621212121211,-0.43,37414.814999999995,496.5,54.0,32.299507,-64.790337
Bermuda,2019,100.0,72.09883419689119,95.71330769230768,47754516.12903226,0.84,0.0,0.0,0.0,40.028333333333336,50639.29,1.65,,11.809621212121211,0.46,37414.814999999995,496.5,54.0,32.299507,-64.790337
Bermuda,2020,100.0,72.09883419689119,95.71330769230768,47754516.12903226,1.15,0.0,0.0,0.0,40.028333333333336,46161.59,0.8100000000000005,,11.809621212121211,-5.26,37414.814999999995,496.5,54.0,32.299507,-64.790337
Bhutan,2020,100.0,80.2,286.495,47754516.12903226,17.138849206349207,0.0,0.0,8.95,100.0,26593.06,3.3002032520325204,,11.809621212121211,-5.26,3000.78,20.0,38394.0,27.514162,90.433601
Bosnia and Herzegovina,2020,100.0,45.2,95.71330769230768,47754516.12903226,17.138849206349207,10.82,0.0,4.9,31.17,19464.84,3.3002032520325204,,11.809621212121211,-3.2,6079.74,64.0,51197.0,43.915886,17.679076
Botswana,2020,71.99,64.7,2.61,47754516.12903226,17.138849206349207,2.05,0.0,0.01,0.49,8843.11,3.3002032520325204,,11.809621212121211,-5.26,6404.9,4.0,581730.0,-22.328474,24.684866
Brazil,2020,100.0,95.9,286.495,47754516.12903226,17.138849206349207,71.78,13.21,34.050000000000004,86.79,15921.33,3.3002032520325204,,39.54,-4.06,6796.84,25.0,1244230.5,-14.235004,-51.92528
Bulgaria,2020,99.7,72.09883419689119,95.71330769230768,47754516.12903226,17.138849206349207,16.12,16.63,7.47,59.92,27993.87,3.3002032520325204,,10.69,-4.39,10079.2,64.0,110879.0,42.733883,25.48583
Burkina Faso,2020,18.96,10.6,4.68,47754516.12903226,17.138849206349207,1.43,0.0,0.21,12.8,878.98,3.3002032520325204,,11.809621212121211,1.93,857.93,76.0,274200.0,12.238333,-1.561593
Burundi,2020,11.74,0.2,4.83,47754516.12903226,17.138849206349207,0.11,0.0,0.24,68.57,289.07,3.3002032520325204,,11.809621212121211,0.3,238.99,463.0,27830.0,-3.373056,29.918886
Cambodia,2020,86.4,36.8,95.03,47754516.12903226,17.138849206349207,3.83,0.0,4.62,54.67,3918.64,3.3002032520325204,,11.809621212121211,-3.15,1543.67,95.0,181035.0,12.565679,104.990963
Cameroon,2020,64.72,21.9,29.82,47754516.12903226,17.138849206349207,2.84,0.0,5.45,65.74,1758.12,3.3002032520325204,,11.809621212121211,0.49,1537.13,56.0,475440.0,7.369722,12.354722
Canada,2020,100.0,100.0,95.71330769230768,47754516.12903226,17.138849206349207,71.78,92.65,34.050000000000004,83.63,80254.725,3.3002032520325204,,30.54,-5.23,37414.814999999995,4.0,1244230.5,56.130366,-106.346771
Cayman Islands,2017,100.0,72.09883419689119,138.3,47754516.12903226,0.01,0.65,0.0,0.01,1.52,46465.98,1.87,,11.809621212121211,3.18,37414.814999999995,274.0,264.0,19.3299,81.2524
Cayman Islands,2018,100.0,72.09883419689119,154.54,47754516.12903226,0.01,0.64,0.0,0.01,1.54,42507.16,1.9,,11.809621212121211,4.19,37414.814999999995,274.0,264.0,19.3299,81.2524
Cayman Islands,2019,100.0,72.09883419689119,170.81,47754516.12903226,0.0,0.68,0.0,0.02,2.86,50531.71,2.06,,11.809621212121211,3.82,37414.814999999995,274.0,264.0,19.3299,81.2524
Cayman Islands,2020,100.0,72.09883419689119,193.81,47754516.12903226,-0.020000000000000004,0.67,0.0,0.02,2.9,41981.38,2.3500000000000005,,11.809621212121211,-5.26,37414.814999999995,274.0,264.0,19.3299,81.2524
Central African Republic,2020,15.47,0.8,3.97,47754516.12903226,17.138849206349207,0.0,0.0,0.15,100.0,280.74,3.3002032520325204,,11.809621212121211,0.83,492.8,8.0,622984.0,6.611111,20.939444
Chad,2020,11.08,6.8,0.2,47754516.12903226,17.138849206349207,0.28,0.0,0.01,3.45,372.51,3.3002032520325204,,11.809621212121211,-0.95,659.27,13.0,1244230.5,15.454166,18.732207
Chile,2020,100.0,100.0,286.495,47754516.12903226,17.138849206349207,43.69,30.74280612244898,34.050000000000004,43.81,22925.93,3.3002032520325204,,26.56,-5.26,13231.7,26.0,756096.0,-35.675147,-71.542969
China,2020,100.0,79.4,286.495,47754516.12903226,17.138849206349207,71.78,155.8725,34.050000000000004,32.98,29133.94,3.3002032520325204,,14.24,2.35,10434.78,153.0,1244230.5,35.86166,104.195397
Colombia,2020,100.0,93.2,266.33,47754516.12903226,17.138849206349207,27.17,0.0,34.050000000000004,64.78,10064.39,3.3002032520325204,,30.77,-5.26,5334.56,46.0,1138910.0,4.570868,-74.297333
Comoros,2020,86.74,8.4,1.66,47754516.12903226,17.138849206349207,0.13,0.0,0.0,0.0,1578.06,3.3002032520325204,,11.809621212121211,-0.13,1420.66,467.0,2235.0,-11.6455,43.3333
Congo,2000,29.09,9.3,27.56,150000.0,64.86,0.0,0.0,0.29,100.0,1227.49,2.16,,11.809621212121211,-1.5726341463414633,13973.745238095238,18.0,1244230.5,-4.1128,13.7289
Congo,2001,30.06,9.6,26.79,37261250.22708534,61.18,0.0,0.0,0.33,100.0,1451.2,2.33,,11.809621212121211,-1.5726341463414633,13973.745238095238,18.0,1244230.5,-4.1128,13.7289
Congo,2002,31.03,9.9,26.04,85915682.02462304,68.53,0.0,0.0,0.39,100.0,1311.92,2.25,,11.809621212121211,-1.5726341463414633,13973.745238095238,18.0,1244230.5,-4.1128,13.7289
Congo,2003,31.99,10.5,25.3,141147500.0,61.99,0.04,0.0,0.36,90.0,1459.17,2.63,,11.809621212121211,-1.5726341463414633,13973.745238095238,18.0,1244230.5,-4.1128,13.7289
Congo,2004,32.95,11.1,24.56,197990908.76060313,63.03,0.04,0.0,0.35,89.74,1496.14,2.71,,11.809621212121211,-1.5726341463414633,13973.745238095238,18.0,1244230.5,-4.1128,13.7289
Congo,2005,33.8,11.6,23.79,251480112.9138194,63.11,0.05,0.0,0.37,88.1,1950.97,2.71,,11.809621212121211,-1.5726341463414633,13973.745238095238,18.0,1244230.5,-4.1128,13.7289
Congo,2006,34.86,12.6,23.02,296649317.0670356,69.42,0.05,0.0,0.39,88.64,2240.82,3.27,,11.809621212121211,-1.5726341463414633,13973.745238095238,18.0,1244230.5,-4.1128,13.7289
Congo,2007,35.83,13.4,22.24,328532725.8276388,60.34,0.06,0.0,0.34,85.0,2657.68,3.11,,11.809621212121211,-1.5726341463414633,13973.745238095238,18.0,1244230.5,-4.1128,13.7289
Congo,2008,36.8,14.5,21.49,342164543.8030157,56.86,0.09,0.0,0.39,81.25,2926.5,3.13,,11.809621212121211,-1.5726341463414633,13973.745238095238,18.0,1244230.5,-4.1128,13.7289
Congo,2009,37.1,15.8,20.79,332578975.6005534,56.03,0.16,0.0,0.36,69.23,3411.9,3.21,,11.809621212121211,-1.5726341463414633,13973.745238095238,18.0,1244230.5,-4.1128,13.7289
Congo,2010,39.79,17.0,20.17,294810225.8276386,54.8,0.32,0.0,0.44,57.89,4460.02,3.18,,11.809621212121211,-1.5726341463414633,13973.745238095238,18.0,1244230.5,-4.1128,13.7289
Congo,2011,40.72,18.5,19.63,223892499.09165865,64.62,0.45,0.0,0.79,63.71,5186.76,4.14,,11.809621212121211,-1.5726341463414633,13973.745238095238,18.0,1244230.5,-4.1128,13.7289
Congo,2012,41.6,20.05,45.74,114860000.0,65.3,0.64,0.0,1.0,60.98,5174.51,4.31,,11.809621212121211,-1.5726341463414633,13973.745238095238,18.0,1244230.5,-4.1128,13.7289
Congo,2013,42.54,21.8,44.65,1880000.0,62.47,0.67,0.0,0.98,59.39,6385.9,4.57,,11.809621212121211,-1.5726341463414633,13973.745238095238,18.0,1244230.5,-4.1128,13.7289
Congo,2014,43.43,23.5,43.63,0.0,62.23,0.72,0.0,0.96,57.14,5931.77,4.24,,11.809621212121211,-1.5726341463414633,13973.745238095238,18.0,1244230.5,-4.1128,13.7289
Congo,2015,44.4,25.4,42.56,3281462.8139018165,64.15,1.53,0.0,1.14,42.7,5841.06,4.62,,11.809621212121211,-1.5726341463414633,13973.745238095238,18.0,1244230.5,-4.1128,13.7289
Congo,2016,45.51,27.4,42.79,90000.0,67.61,1.66,0.0,1.17,41.34,5449.97,5.39,,11.809621212121211,-1.5726341463414633,13973.745238095238,18.0,1244230.5,-4.1128,13.7289
Congo,2017,46.57,29.5,44.35,11645653.481742337,69.73,1.61,0.0,1.24,43.51,3985.21,5.64,,11.809621212121211,-1.5726341463414633,13973.745238095238,18.0,1244230.5,-4.1128,13.7289
Congo,2018,47.42,31.05,43.25,20630000.0,69.34,1.82,0.0,1.15,38.72,3605.27,6.12,,11.809621212121211,-1.5726341463414633,13973.745238095238,18.0,1244230.5,-4.1128,13.7289
Congo,2019,48.41,32.6,42.16,90000.0,68.67,2.72,0.0,0.94,25.68,2873.82,6.55,,11.809621212121211,-1.5726341463414633,13973.745238095238,18.0,1244230.5,-4.1128,13.7289
Congo,2020,49.52,34.9,41.1,-76927386.07303065,70.69004851741914,2.87,0.0,0.96,25.07,2379.56,6.255490797745132,,11.809621212121211,-1.5726341463414633,13973.745238095238,18.0,1244230.5,-4.1128,13.7289
Costa Rica,2020,99.9,95.7,286.495,47754516.12903226,17.138849206349207,0.19,0.0,11.55,98.38,11486.32,3.3002032520325204,,11.809621212121211,-4.06,12140.85,100.0,51100.0,9.748917,-83.753428
Croatia,2020,100.0,100.0,95.71330769230768,47754516.12903226,17.138849206349207,4.69,0.0,8.55,64.58,22304.45,3.3002032520325204,,25.17,-5.26,14134.16,73.0,56594.0,45.1,15.2
Cuba,2020,100.0,93.8,105.79,47754516.12903226,17.138849206349207,15.47,0.0,3.13,16.83,9007.18,3.3002032520325204,,11.809621212121211,-5.26,9477.85,106.0,110860.0,21.521757,-77.781167
Cyprus,2020,100.0,100.0,95.71330769230768,47754516.12903226,17.138849206349207,4.25,0.0,0.6,12.37,22852.85,3.3002032520325204,,5.66,-5.23,27527.85,131.0,9251.0,35.126413,33.429859
Czechia,2020,100.0,100.0,95.71330769230768,47754516.12903226,17.138849206349207,39.72,30.04,10.39,50.44,42025.31,3.3002032520325204,,6.69,-1.5726341463414633,13973.745238095238,136.0,78871.0,49.817492,15.472962
Denmark,2020,100.0,100.0,95.71330769230768,47754516.12903226,17.138849206349207,5.28,0.0,23.45,81.62,29380.42,3.3002032520325204,,37.27,-2.06,37414.814999999995,137.0,43094.0,56.26392,9.501785
Djibouti,2020,61.77,9.65,0.37,47754516.12903226,17.138849206349207,0.05,0.0,0.0,0.0,2701.79,3.3002032520325204,,11.809621212121211,0.5,3425.48,43.0,23200.0,11.825138,42.590275
Dominica,2020,100.0,88.9,98.83,47754516.12903226,17.138849206349207,0.12,0.0,0.04,25.0,10056.25,3.3002032520325204,,11.809621212121211,-5.26,7003.86,96.0,751.0,15.414999,-61.370976
Dominican Republic,2020,100.0,91.5,120.72,47754516.12903226,17.138849206349207,13.74,0.0,2.9,17.43,9496.67,3.3002032520325204,,11.809621212121211,-5.26,7268.2,225.0,48670.0,18.735693,-70.162651
Ecuador,2020,98.85,94.3,286.495,47754516.12903226,17.138849206349207,6.45,0.0,24.83,79.38,10374.73,3.3002032520325204,,36.04,-5.26,5600.39,71.0,283561.0,-1.831239,-78.183406
Egypt,2000,97.7,83.5,42.53,10780000.0,8.26,60.77,0.0,13.7,18.4,7965.85,3.27,,7.42,-1.5726341463414633,13973.745238095238,103.0,1001450.0,26.820553,30.802498
Egypt,2001,97.34,86.7,41.73,31600000.0,7.82,64.17,0.0,15.2,19.15,8143.85,3.59,,7.23,-1.5726341463414633,13973.745238095238,103.0,1001450.0,26.820553,30.802498
Egypt,2002,97.54,89.4,40.95,530000.0,7.35,71.78,0.0,12.93,15.25,8202.89,3.59,,6.8,-1.5726341463414633,13973.745238095238,103.0,1001450.0,26.820553,30.802498
Egypt,2003,98.8,92.0,40.21,141147500.0,7.45,71.78,0.0,13.26,14.66,8503.99,3.62,,5.94,-1.5726341463414633,13973.745238095238,103.0,1001450.0,26.820553,30.802498
Egypt,2004,97.91,93.85,40.51,47570000.0,7.57,71.78,0.0,13.04,13.55,8798.15,3.79,,5.63,-1.5726341463414633,13973.745238095238,103.0,1001450.0,26.820553,30.802498
Egypt,2005,99.4,95.5,39.78,102760000.0,6.48,71.78,0.0,13.07,12.67,8844.94,4.17,,5.39,-1.5726341463414633,13973.745238095238,103.0,1001450.0,26.820553,30.802498
Egypt,2006,99.04,96.7,40.19,500000.0,6.22,71.78,0.0,13.42,12.26,9136.15,4.12,,5.17,-1.5726341463414633,13973.745238095238,103.0,1001450.0,26.820553,30.802498
Egypt,2007,98.47,97.6,40.51,97280000.0,6.05,71.78,0.0,16.18,13.62,9542.58,4.11,,5.36,-1.5726341463414633,13973.745238095238,103.0,1001450.0,26.820553,30.802498
Egypt,2008,99.8,98.2,40.97,85760000.0,6.17,71.78,0.0,15.44,12.42,9921.17,3.97,,5.41,-1.5726341463414633,13973.745238095238,103.0,1001450.0,26.820553,30.802498
Egypt,2009,98.87,98.8,40.78,141147500.0,5.9,71.78,0.0,13.86,10.53,10077.9,3.88,,4.8,-1.5726341463414633,13973.745238095238,103.0,1001450.0,26.820553,30.802498
Egypt,2010,99.39,99.1,41.53,141147500.0,5.57,71.78,0.0,14.63,9.13,10258.88,3.66,,4.46,-1.5726341463414633,13973.745238095238,103.0,1001450.0,26.820553,30.802498
Egypt,2011,99.45,99.4,40.9,118940000.0,5.53,71.78,0.0,14.55,9.26,10516.58,3.77,,4.33,-1.5726341463414633,13973.745238095238,103.0,1001450.0,26.820553,30.802498
Egypt,2012,99.7,99.55,40.0,14920000.0,5.5,71.78,0.0,14.35,8.73,10688.42,3.8,,4.18,-1.5726341463414633,13973.745238095238,103.0,1001450.0,26.820553,30.802498
Egypt,2013,99.85,99.7,39.1,141147500.0,5.49,71.78,0.0,14.66,8.71,10368.02,3.62,,4.18,-1.5726341463414633,13973.745238095238,103.0,1001450.0,26.820553,30.802498
Egypt,2014,99.8,99.8,38.23,80000.0,5.59,71.78,0.0,15.36,8.76,9999.62,3.63,,4.18,-1.5726341463414633,13973.745238095238,103.0,1001450.0,26.820553,30.802498
Egypt,2015,99.3,99.8,39.67,141147500.0,5.45,71.78,0.0,15.64,8.39,9943.54,3.46,,4.33,-1.5726341463414633,13973.745238095238,103.0,1001450.0,26.820553,30.802498
Egypt,2016,100.0,99.8,38.97,141147500.0,5.31,71.78,0.0,15.5,8.18,10278.02,3.64,,4.13,-1.5726341463414633,13973.745238095238,103.0,1001450.0,26.820553,30.802498
Egypt,2017,100.0,99.9,39.42,141147500.0,5.1,71.78,0.0,15.53,7.89,10471.65,3.67,,3.87,-1.5726341463414633,13973.745238095238,103.0,1001450.0,26.820553,30.802498
Egypt,2018,100.0,99.9,48.71,124930000.0,5.23,71.78,0.0,17.31,8.67,10286.72,3.59,,4.06,-1.5726341463414633,13973.745238095238,103.0,1001450.0,26.820553,30.802498
Egypt,2019,100.0,99.9,59.16,141147500.0,5.3,71.78,0.0,20.75,10.66,9919.54,3.41,,5.17,-1.5726341463414633,13973.745238095238,103.0,1001450.0,26.820553,30.802498
Egypt,2020,100.0,99.9,58.35,284783080.3428539,4.648899298637671,71.78,0.0,20.83,11.0,9153.99,3.0675337000299328,,6.56,-1.5726341463414633,13973.745238095238,103.0,1001450.0,26.820553,30.802498
El Salvador,2020,100.0,91.8,232.16,47754516.12903226,17.138849206349207,1.29,0.0,4.97,79.39,6715.61,3.3002032520325204,,11.809621212121211,-5.26,3798.64,313.0,21041.0,13.794185,-88.89653
Equatorial Guinea,2020,66.75,24.5,90.68,47754516.12903226,17.138849206349207,0.92,0.0,0.49,34.75,11328.12,3.3002032520325204,,11.809621212121211,-4.89,7143.24,50.0,28051.0,1.650801,10.267895
Eritrea,2020,52.17,9.3,6.49,47754516.12903226,17.138849206349207,0.41,0.0,0.01,2.38,881.59,3.3002032520325204,,11.809621212121211,-1.5726341463414633,13973.745238095238,35.0,117600.0,15.179384,39.782334
Estonia,2020,100.0,100.0,95.71330769230768,47754516.12903226,17.138849206349207,3.11,0.0,2.97,48.85,44218.28,3.3002032520325204,,14.14,-2.95,23027.03,31.0,45228.0,58.595272,25.013607
Eswatini,2020,79.73,55.4,145.7,47754516.12903226,17.138849206349207,0.04,0.0,0.7,94.59,5614.89,3.3002032520325204,,11.809621212121211,-1.85,3424.28,67.0,17364.0,-26.522503,31.465866
Ethiopia,2020,51.09,7.8,40.99,47754516.12903226,17.138849206349207,0.01,0.0,14.22,99.93,860.1,3.3002032520325204,,11.809621212121211,6.06,936.34,115.0,1104300.0,9.145,40.489673
Fiji,2020,100.0,51.4,236.38,47754516.12903226,17.138849206349207,0.4,0.0,0.7,63.64,9030.61,3.3002032520325204,,11.809621212121211,-5.26,5057.63,49.0,18274.0,-17.713371,178.065032
Finland,2020,100.0,100.0,95.71330769230768,47754516.12903226,17.138849206349207,9.82,23.29,34.050000000000004,85.78,56636.78,3.3002032520325204,,33.17,-2.8,37414.814999999995,18.0,338145.0,61.92411,25.748151
France,2020,100.0,100.0,95.71330769230768,47754516.12903226,17.138849206349207,48.14,155.8725,34.050000000000004,90.87,38063.41,3.3002032520325204,,14.79,-5.26,37414.814999999995,119.0,643801.0,46.227638,2.213749
French Guiana,2000,85.89290398126465,72.09883419689119,286.495,47754516.12903226,23.84,0.43,0.0,0.0,0.0,13692.39,3.3002032520325204,,11.809621212121211,-1.5726341463414633,13973.745238095238,155.06206088992974,320204.11943793914,,
Gabon,2020,91.57,88.1,149.56,47754516.12903226,17.138849206349207,1.19,0.0,1.01,45.91,8367.07,3.3002032520325204,,11.809621212121211,-1.84,6881.72,9.0,267667.0,-0.803689,11.609444
Gambia,2000,34.3,3.7,0.0,47754516.12903226,62.86,0.11,0.0,0.0,0.0,880.4,3.13,,11.809621212121211,-1.5726341463414633,13973.745238095238,239.0,11300.0,13.466666,-16.56666666
Gambia,2001,29.87,3.7,0.01,47754516.12903226,59.61,0.13,0.0,0.0,0.0,931.85,3.1,,11.809621212121211,-1.5726341463414633,13973.745238095238,239.0,11300.0,13.466666,-16.56666666
Gambia,2002,31.52,3.8,0.05,10000.0,60.97,0.14,0.0,0.0,0.0,901.83,3.23,,11.809621212121211,-1.5726341463414633,13973.745238095238,239.0,11300.0,13.466666,-16.56666666
Gambia,2003,27.8,3.7,0.14,47754516.12903226,62.41,0.16,0.0,0.0,0.0,876.48,3.05,,11.809621212121211,-1.5726341463414633,13973.745238095238,239.0,11300.0,13.466666,-16.56666666
Gambia,2004,34.8,3.6,0.26,47754516.12903226,61.25,0.17,0.0,0.0,0.0,898.56,2.94,,11.809621212121211,-1.5726341463414633,13973.745238095238,239.0,11300.0,13.466666,-16.56666666
Gambia,2005,30.46,3.4,0.42,47754516.12903226,61.71,0.19,0.0,0.0,0.0,881.66,3.05,,11.809621212121211,-1.5726341463414633,13973.745238095238,239.0,11300.0,13.466666,-16.56666666
Gambia,2006,38.08,3.3,0.46,47754516.12903226,60.21,0.2,0.0,0.0,0.0,929.52,3.2,,11.809621212121211,-1.5726341463414633,13973.745238095238,239.0,11300.0,13.466666,-16.56666666
Gambia,2007,39.72,3.1,0.71,47754516.12903226,57.27,0.22,0.0,0.0,0.0,934.91,3.22,,11.809621212121211,-1.5726341463414633,13973.745238095238,239.0,11300.0,13.466666,-16.56666666
Gambia,2008,41.38,3.0,0.83,47754516.12903226,56.28,0.23,0.0,0.0,0.0,941.52,3.09,,11.809621212121211,-1.5726341463414633,13973.745238095238,239.0,11300.0,13.466666,-16.56666666
Gambia,2009,43.04,2.8,1.02,47754516.12903226,53.91,0.23,0.0,0.0,0.0,980.54,3.09,,11.809621212121211,-1.5726341463414633,13973.745238095238,239.0,11300.0,13.466666,-16.56666666
Gambia,2010,46.66,2.7,1.08,47754516.12903226,56.6,0.23,0.0,0.0,0.0,1036.86,2.92,,11.809621212121211,-1.5726341463414633,13973.745238095238,239.0,11300.0,13.466666,-16.56666666
Gambia,2011,48.25,2.4,1.09,10000.0,56.24,0.24,0.0,0.0,0.0,1056.74,3.24,,11.809621212121211,-1.5726341463414633,13973.745238095238,239.0,11300.0,13.466666,-16.56666666
Gambia,2012,49.83,2.3,1.6,47754516.12903226,56.95,0.25,0.0,0.0,0.0,998.8,3.13,,11.809621212121211,-1.5726341463414633,13973.745238095238,239.0,11300.0,13.466666,-16.56666666
Gambia,2013,51.5,2.2,1.57,47754516.12903226,59.33,0.25,0.0,0.0,0.0,964.19,3.01,,11.809621212121211,-1.5726341463414633,13973.745238095238,239.0,11300.0,13.466666,-16.56666666
Gambia,2014,52.93,2.1,1.64,47754516.12903226,53.17,0.26,0.0,0.0,0.0,1034.74,3.34,,11.809621212121211,-1.5726341463414633,13973.745238095238,239.0,11300.0,13.466666,-16.56666666
Gambia,2015,54.56,2.0,1.62,47754516.12903226,48.95,0.28,0.0,0.0,0.0,1028.86,3.48,,11.809621212121211,-1.5726341463414633,13973.745238095238,239.0,11300.0,13.466666,-16.56666666
Gambia,2016,56.33,1.9,1.58,47754516.12903226,48.62,0.29,0.0,0.0,0.0,1008.47,3.45,,11.809621212121211,-1.5726341463414633,13973.745238095238,239.0,11300.0,13.466666,-16.56666666
Gambia,2017,56.2,1.9,1.53,25390000.0,48.02,0.3,0.0,0.0,0.0,998.23,3.29,,11.809621212121211,-1.5726341463414633,13973.745238095238,239.0,11300.0,13.466666,-16.56666666
Gambia,2018,60.3,1.8,1.49,64770000.0,49.01,0.31,0.0,0.0,0.0,978.75,3.08,,11.809621212121211,-1.5726341463414633,13973.745238095238,239.0,11300.0,13.466666,-16.56666666
Gambia,2019,62.1,1.8,1.45,11870000.0,49.24,0.3,0.0,0.0,0.0,972.67,2.97,,11.809621212121211,-1.5726341463414633,13973.745238095238,239.0,11300.0,13.466666,-16.56666666
Gambia,2020,62.27,1.7,1.4,47754516.12903226,44.757922386506806,0.29,0.0,0.0,0.0,905.35,3.1215159783192847,,11.809621212121211,-1.5726341463414633,13973.745238095238,239.0,11300.0,13.466666,-16.56666666
Georgia,2020,100.0,89.1,286.495,47754516.12903226,17.138849206349207,2.82,0.0,8.34,74.73,18696.85,3.3002032520325204,,11.809621212121211,-5.26,4266.69,57.0,69700.0,42.315407,43.356892
Germany,2020,100.0,100.0,95.71330769230768,47754516.12903226,17.138849206349207,71.78,64.38,34.050000000000004,55.68,41377.68,3.3002032520325204,,21.12,-4.57,37414.814999999995,240.0,357022.0,51.165691,10.451526
Ghana,2020,85.87,22.2,54.28,47754516.12903226,17.138849206349207,12.82,0.0,7.38,36.53,3484.16,3.3002032520325204,,11.809621212121211,0.41,2205.53,137.0,238533.0,7.946527,-1.023194
Greece,2020,100.0,100.0,95.71330769230768,47754516.12903226,17.138849206349207,30.61,0.0,17.55,36.44,26343.52,3.3002032520325204,,16.71,-5.26,17622.54,81.0,131957.0,39.074208,21.824312
Grenada,2020,93.59,89.1,29.81,47754516.12903226,17.138849206349207,0.2,0.0,0.0,0.0,8918.38,3.3002032520325204,,11.809621212121211,-5.26,9261.55,331.0,349.0,12.1165,-61.679
Guatemala,2020,97.06,50.1,160.21,47754516.12903226,17.138849206349207,4.41,0.0,9.01,67.14,5734.48,3.3002032520325204,,11.809621212121211,-1.52,4603.34,167.0,108889.0,15.783471,-90.230759
Guinea,2020,44.67,1.9,29.06,47754516.12903226,17.138849206349207,0.71,0.0,2.49,77.81,1356.66,3.3002032520325204,,11.809621212121211,6.99,1194.04,53.0,245857.0,9.945587,-9.696645
Guinea-Bissau,2020,33.34,1.1,0.59,47754516.12903226,17.138849206349207,0.08,0.0,0.0,0.0,656.34,3.3002032520325204,,11.809621212121211,-2.4,727.52,70.0,36125.0,11.803749,-15.180413
Guyana,2020,92.54,80.6,67.6,47754516.12903226,17.138849206349207,1.01,0.0,0.15,12.93,13816.49,3.3002032520325204,,11.809621212121211,12.5,6955.94,4.0,214969.0,4.860416,-58.93018
Haiti,2020,46.93,4.5,7.06,47754516.12903226,17.138849206349207,0.81,0.0,0.11,11.96,977.08,3.3002032520325204,,11.809621212121211,-3.34,1272.37,414.0,27750.0,18.971187,-72.285215
Honduras,2020,93.21,48.3,187.32,47754516.12903226,17.138849206349207,5.46,0.0,5.85,51.72,5048.45,3.3002032520325204,,11.809621212121211,-5.26,2389.01,89.0,112090.0,15.199999,-86.241905
Hungary,2020,100.0,100.0,95.71330769230768,47754516.12903226,17.138849206349207,13.2,16.06,5.52,62.05,27724.25,3.3002032520325204,,5.82,-4.68,15980.74,107.0,93028.0,47.162494,19.503304
Iceland,2020,100.0,100.0,95.71330769230768,47754516.12903226,17.138849206349207,0.0,0.0,18.78,100.0,80254.725,3.3002032520325204,,39.54,-5.26,37414.814999999995,3.0,103000.0,64.963051,-19.020835
India,2020,99.0,67.9,97.29,47754516.12903226,17.138849206349207,71.78,44.61,34.050000000000004,23.06,6317.1,3.3002032520325204,,9.73,-5.26,1927.71,464.0,1244230.5,20.593684,78.96288
Indonesia,2020,96.95,84.5,38.58,47754516.12903226,17.138849206349207,71.78,30.74280612244898,34.050000000000004,18.13,7771.04,3.3002032520325204,,9.86,-2.07,3869.59,151.0,1244230.5,-0.789275,113.921327
Iraq,2020,100.0,99.0,61.9,47754516.12903226,17.138849206349207,71.78,0.0,5.3,5.78,12996.27,3.3002032520325204,,1.65,-5.26,4145.86,93.0,438317.0,33.223191,43.679291
Ireland,2020,100.0,100.0,95.71330769230768,47754516.12903226,17.138849206349207,18.51,0.0,13.46,42.1,35630.06,3.3002032520325204,,20.55,5.87,37414.814999999995,73.0,84421.0,53.41291,-8.24389
Israel,2020,100.0,100.0,95.71330769230768,47754516.12903226,17.138849206349207,67.75,0.0,3.86,5.39,32593.81,3.3002032520325204,,4.05,-2.15,37414.814999999995,400.0,20770.0,31.046051,34.851612
Italy,2020,100.0,100.0,95.71330769230768,47754516.12903226,17.138849206349207,71.78,0.0,34.050000000000004,42.04,27763.8,3.3002032520325204,,19.72,-5.26,31714.22,206.0,301340.0,41.87194,12.56738
Jamaica,2020,100.0,82.7,85.65,47754516.12903226,17.138849206349207,3.43,0.0,0.64,15.72,12098.73,3.3002032520325204,,11.809621212121211,-5.26,4664.53,273.0,10991.0,18.109581,-77.297508
Japan,2020,100.0,100.0,95.71330769230768,47754516.12903226,17.138849206349207,71.78,41.86,34.050000000000004,25.67,38029.27,3.3002032520325204,,11.16,-4.59,37414.814999999995,347.0,377944.0,36.204824,138.252924
Jordan,2020,99.9,99.9,186.5,47754516.12903226,17.138849206349207,15.72,0.0,4.32,21.56,9838.04,3.3002032520325204,,11.809621212121211,-1.55,4282.77,115.0,89342.0,30.585164,36.238414
Kazakhstan,2020,100.0,92.7,266.15,47754516.12903226,17.138849206349207,71.78,30.74280612244898,11.94,10.99,39590.6,3.3002032520325204,,3.9,-2.5,9122.23,7.0,1244230.5,48.019573,66.923684
Kenya,2020,71.44,19.5,40.74,47754516.12903226,17.138849206349207,0.92,0.0,10.83,92.17,1902.12,3.3002032520325204,,11.809621212121211,-0.32,1878.58,94.0,580367.0,-0.023559,37.906193
Kiribati,2020,91.96,9.9,23.96,47754516.12903226,17.138849206349207,0.03,0.0,0.0,0.0,2417.65,3.3002032520325204,,11.809621212121211,-1.95,1653.54,147.0,811.0,1.8368976,-157.3768317
Kuwait,2020,100.0,100.0,24.76,47754516.12903226,17.138849206349207,66.89,0.0,0.05,0.07,80254.725,3.3002032520325204,,0.04,-5.26,24811.77,240.0,17818.0,29.31166,47.481766
Kyrgyzstan,2000,99.61,52.7,286.495,8460000.0,35.16,2.16,0.0,13.55,86.25,14177.03,6.44,,11.809621212121211,-1.5726341463414633,13973.745238095238,34.0,199951.0,41.20438,74.766098
Kyrgyzstan,2001,99.58,55.0,286.495,5886506.948048225,36.0,2.36,0.0,12.31,83.91,13327.09,5.68,,11.809621212121211,-1.5726341463414633,13973.745238095238,34.0,199951.0,41.20438,74.766098
Kyrgyzstan,2002,100.0,56.4,286.495,3557793.654912256,28.3,2.16,0.0,10.68,83.18,11277.39,6.39,,11.809621212121211,-1.5726341463414633,13973.745238095238,34.0,199951.0,41.20438,74.766098
Kyrgyzstan,2003,99.5,58.2,286.495,1575183.53432016,30.51,1.94,0.0,13.38,87.34,11796.49,6.35,,11.809621212121211,-1.5726341463414633,13973.745238095238,34.0,199951.0,41.20438,74.766098
Kyrgyzstan,2004,99.46,60.5,286.495,40000.0,27.71,2.08,0.0,13.95,87.02,11902.49,5.85,,11.809621212121211,-1.5726341463414633,13973.745238095238,34.0,199951.0,41.20438,74.766098
Kyrgyzstan,2005,99.44,62.4,286.495,-946433.53432016,28.03,1.98,0.0,12.66,86.48,11085.9,5.93,,11.809621212121211,-1.5726341463414633,13973.745238095238,34.0,199951.0,41.20438,74.766098
Kyrgyzstan,2006,98.89,64.3,286.495,-1282793.6549122562,27.76,1.93,0.0,12.35,86.48,11181.87,5.66,,11.809621212121211,-1.5726341463414633,13973.745238095238,34.0,199951.0,41.20438,74.766098
Kyrgyzstan,2007,99.54,66.4,286.495,-867756.9480482242,24.49,1.97,0.0,12.61,86.49,12160.27,6.08,,11.809621212121211,-1.5726341463414633,13973.745238095238,34.0,199951.0,41.20438,74.766098
Kyrgyzstan,2008,99.51,68.2,286.495,400000.0,22.04,1.57,0.0,10.02,86.45,11500.21,6.0,,11.809621212121211,-1.5726341463414633,13973.745238095238,34.0,199951.0,41.20438,74.766098
Kyrgyzstan,2009,99.5,70.0,286.495,170000.0,24.73,0.81,0.0,10.11,92.58,11463.96,5.33,,11.809621212121211,-1.5726341463414633,13973.745238095238,34.0,199951.0,41.20438,74.766098
Kyrgyzstan,2010,99.0,71.55,286.495,1540000.0,25.59,0.93,0.0,11.0,92.2,10836.26,5.11,,11.809621212121211,-1.5726341463414633,13973.745238095238,34.0,199951.0,41.20438,74.766098
Kyrgyzstan,2011,98.32,73.3,286.495,24380000.0,25.95,0.96,0.0,14.0,93.58,12183.77,5.8,,11.809621212121211,-1.5726341463414633,13973.745238095238,34.0,199951.0,41.20438,74.766098
Kyrgyzstan,2012,99.8,74.7,286.495,610000.0,22.45,0.93,0.0,14.04,93.79,13588.38,7.25,,11.809621212121211,-1.5726341463414633,13973.745238095238,34.0,199951.0,41.20438,74.766098
Kyrgyzstan,2013,98.93,75.4,286.495,13510000.0,24.81,0.86,0.0,13.0,93.8,12564.97,6.16,,11.809621212121211,-1.5726341463414633,13973.745238095238,34.0,199951.0,41.20438,74.766098
Kyrgyzstan,2014,99.8,76.0,286.495,330576.9451327119,26.6,1.2,0.0,13.16,91.64,12576.97,6.21,,11.809621212121211,-1.5726341463414633,13973.745238095238,34.0,199951.0,41.20438,74.766098
Kyrgyzstan,2015,98.69,76.3,286.495,20000.0,23.3,1.81,0.0,10.99,85.86,11097.16,5.82,,11.809621212121211,-1.5726341463414633,13973.745238095238,34.0,199951.0,41.20438,74.766098
Kyrgyzstan,2016,99.71,76.6,286.495,38220000.0,21.92,1.66,0.0,11.38,87.27,11131.66,5.41,,11.809621212121211,-1.5726341463414633,13973.745238095238,34.0,199951.0,41.20438,74.766098
Kyrgyzstan,2017,100.0,76.6,286.495,1250000.0,24.55,1.23,0.0,14.06,91.96,11335.21,5.15,,11.809621212121211,-1.5726341463414633,13973.745238095238,34.0,199951.0,41.20438,74.766098
Kyrgyzstan,2018,100.0,76.9,286.495,80000.0,23.21,1.13,0.0,14.17,92.61,11778.98,5.88,,11.809621212121211,-1.5726341463414633,13973.745238095238,34.0,199951.0,41.20438,74.766098
Kyrgyzstan,2019,99.87,76.6,286.495,86210000.0,27.88,1.13,0.0,13.71,92.39,10582.12,4.96,,11.809621212121211,-1.5726341463414633,13973.745238095238,34.0,199951.0,41.20438,74.766098
Kyrgyzstan,2020,99.98,76.6,286.495,276676167.5792668,53.93139318619737,1.37,0.0,14.8,91.53,10439.84,-1.2558360213732094,,11.809621212121211,-1.5726341463414633,13973.745238095238,34.0,199951.0,41.20438,74.766098
Latvia,2020,100.0,100.0,95.71330769230768,47754516.12903226,17.138849206349207,2.08,0.0,3.64,63.64,21535.73,3.3002032520325204,,24.77,-3.62,17726.25,30.0,64589.0,56.879635,24.603189
Lebanon,2020,100.0,72.09883419689119,50.35,47754516.12903226,17.138849206349207,18.28,0.0,1.21,6.21,18341.43,3.3002032520325204,,11.809621212121211,-5.26,4649.55,496.5,10400.0,33.854721,35.862285
Lesotho,2020,47.35,40.1,35.06,47754516.12903226,17.138849206349207,0.0,0.0,0.5,100.0,2092.53,3.3002032520325204,,11.809621212121211,-5.26,875.35,71.0,30355.0,-29.609988,28.233608
Liberia,2020,27.53,0.4,18.7,47754516.12903226,17.138849206349207,0.36,0.0,0.53,59.55,1030.05,3.3002032520325204,,11.809621212121211,-2.98,632.94,53.0,111369.0,6.428055,-9.429499
Libya,2020,69.71,72.09883419689119,0.74,47754516.12903226,17.138849206349207,30.09,0.0,0.01,0.03,28032.59,3.3002032520325204,,11.809621212121211,-5.26,3699.29,4.0,1244230.5,26.3351,17.228331
Lithuania,2020,100.0,100.0,95.71330769230768,47754516.12903226,17.138849206349207,1.96,0.0,2.57,56.73,24924.74,3.3002032520325204,,10.14,-0.13,20233.64,43.0,65300.0,55.169438,23.881275
Luxembourg,2020,100.0,100.0,95.71330769230768,47754516.12903226,17.138849206349207,0.25,0.0,0.97,79.51,64241.79,3.3002032520325204,,6.85,-1.78,37414.814999999995,242.0,2586.0,49.815273,6.129583
Madagascar,2020,33.74,1.0,7.12,47754516.12903226,17.138849206349207,1.29,0.0,0.68,34.52,447.5,3.3002032520325204,,11.809621212121211,-5.26,471.49,48.0,587041.0,-18.766947,46.869107
Malawi,2020,14.87,1.0,21.43,47754516.12903226,17.138849206349207,0.21,0.0,1.5,87.72,503.26,3.3002032520325204,,11.809621212121211,0.8,636.82,203.0,118484.0,-13.254308,34.301525
Malaysia,2020,100.0,95.5,268.76,47754516.12903226,17.138849206349207,71.78,30.74280612244898,30.54,18.04,35997.36,3.3002032520325204,,7.16,-5.26,10412.35,99.0,329847.0,4.210484,101.975766
Maldives,2020,100.0,99.2,31.1,47754516.12903226,17.138849206349207,0.57,0.0,0.04,6.56,17308.59,3.3002032520325204,,11.809621212121211,-5.26,6924.11,496.5,298.0,3.202778,73.22068
Mali,2020,50.56,0.9,20.98,47754516.12903226,17.138849206349207,2.04,0.0,1.16,36.25,1142.88,3.3002032520325204,,11.809621212121211,-1.24,862.45,17.0,1240192.0,17.570692,-3.996166
Malta,2020,100.0,100.0,95.71330769230768,47754516.12903226,17.138849206349207,1.9,0.0,0.25,11.63,72065.46,3.3002032520325204,,11.809621212121211,-5.26,27884.64,496.5,316.0,35.937496,14.375416
Mauritania,2020,47.35,42.6,26.22,47754516.12903226,17.138849206349207,1.29,0.0,0.48,27.12,3884.78,3.3002032520325204,,11.809621212121211,-1.76,1701.99,5.0,1030700.0,21.00789,-10.940835
Mauritius,2020,99.66,96.8,198.16,47754516.12903226,17.138849206349207,2.17,0.0,0.57,20.8,19245.18,3.3002032520325204,,11.809621212121211,-5.26,8627.84,496.5,2040.0,-20.348404,57.552152
Mexico,2020,99.4,84.9,219.94,47754516.12903226,17.138849206349207,71.78,10.87,34.050000000000004,24.59,16382.68,3.3002032520325204,,9.48,-5.26,8329.27,66.0,1244230.5,23.634501,-102.552784
Mongolia,2020,98.1,51.8,84.37,47754516.12903226,17.138849206349207,6.04,0.0,0.68,10.12,20376.92,3.3002032520325204,,11.809621212121211,-4.56,4060.95,2.0,1244230.5,46.862496,103.846656
Montenegro,2020,100.0,62.4,95.71330769230768,47754516.12903226,17.138849206349207,1.62,0.0,1.77,52.21,17942.34,3.3002032520325204,,11.809621212121211,-5.26,7677.15,47.0,13812.0,42.708678,19.37439
Morocco,2020,100.0,98.1,93.52,47754516.12903226,17.138849206349207,31.36,0.0,7.02,18.29,6551.42,3.3002032520325204,,7.63,-5.26,3058.69,83.0,446550.0,31.791702,-7.09262
Mozambique,2020,30.6,5.1,73.99,47754516.12903226,17.138849206349207,3.49,0.0,15.85,81.95,2248.65,3.3002032520325204,,11.809621212121211,-1.23,448.54,40.0,799380.0,-18.665695,35.529562
Myanmar,2020,70.4,31.25,63.36,47754516.12903226,17.138849206349207,12.25,0.0,11.31,48.01,3183.1,3.3002032520325204,,11.809621212121211,3.17,1467.6,83.0,676578.0,21.916221,95.955974
Namibia,2020,56.26,46.8,197.35,47754516.12903226,17.138849206349207,0.06,0.0,1.89,96.92,8960.35,3.3002032520325204,,11.809621212121211,-5.26,4179.28,3.0,824292.0,-22.95764,18.49041
Nauru,2020,100.0,100.0,179.71,47754516.12903226,17.138849206349207,0.04,0.0,0.0,0.0,21142.48,3.3002032520325204,,11.809621212121211,1.15,10580.27,496.5,21.0,-0.522778,166.931503
Nepal,2020,89.9,34.8,46.78,47754516.12903226,17.138849206349207,0.0,0.0,6.33,100.0,1677.8,3.3002032520325204,,11.809621212121211,-2.09,1155.14,203.0,147181.0,28.394857,84.124008
Netherlands,2020,100.0,100.0,95.71330769230768,47754516.12903226,17.138849206349207,71.78,4.09,32.75,30.0,56705.54,3.3002032520325204,,10.76,-3.8,37414.814999999995,496.5,41543.0,52.132633,5.291266
New Caledonia,2017,100.0,72.09883419689119,286.495,4270000.0,5.08,2.62,0.0,0.44,14.38,71473.98,3.3002032520325204,,11.809621212121211,-1.5726341463414633,33976.56,16.0,19060.0,-20.904305,165.618042
New Caledonia,2018,100.0,72.09883419689119,286.495,47754516.12903226,4.77,2.58,0.0,0.42,14.0,79704.05,3.3002032520325204,,11.809621212121211,-1.5726341463414633,36382.49,16.0,19060.0,-20.904305,165.618042
New Caledonia,2019,100.0,72.09883419689119,286.495,47754516.12903226,5.4,2.6,0.0,0.54,17.2,79064.88,3.3002032520325204,,11.809621212121211,-1.5726341463414633,34788.53,16.0,19060.0,-20.904305,165.618042
New Caledonia,2020,100.0,72.09883419689119,286.495,47754516.12903226,6.970000000000001,2.73,0.0,0.42,13.33,74262.35,3.3002032520325204,,11.809621212121211,-1.5726341463414633,29194.68,16.0,19060.0,-20.904305,165.618042
New Zealand,2020,100.0,100.0,95.71330769230768,47754516.12903226,17.138849206349207,8.42,0.0,34.050000000000004,80.5,47384.52,3.3002032520325204,,39.06,1.86,37414.814999999995,18.0,268838.0,-40.900557,174.885971
Nicaragua,2020,88.91,56.2,110.41,47754516.12903226,17.138849206349207,2.0,0.0,2.42,54.75,4237.68,3.3002032520325204,,11.809621212121211,-1.98,1905.26,55.0,130370.0,12.865416,-85.207229
Niger,2020,19.25,2.4,1.12,47754516.12903226,17.138849206349207,0.38,0.0,0.05,11.63,442.42,3.3002032520325204,,11.809621212121211,3.58,567.67,19.0,1244230.5,17.607789,8.081666
Nigeria,2020,55.4,15.0,10.44,47754516.12903226,17.138849206349207,21.98,0.0,7.75,26.07,2445.07,3.3002032520325204,,11.809621212121211,-1.79,2097.09,226.0,923768.0,9.081999,8.675277
North Macedonia,2020,100.0,78.1,95.71330769230768,47754516.12903226,17.138849206349207,3.86,0.0,1.48,27.72,12822.86,3.3002032520325204,,14.44,-5.21,5917.26,83.0,25713.0,41.608635,21.745275
Norway,2020,100.0,100.0,95.71330769230768,47754516.12903226,17.138849206349207,2.2,0.0,34.050000000000004,98.57,80254.725,3.3002032520325204,,39.54,-0.72,37414.814999999995,15.0,323802.0,60.472024,8.468946
Oman,2020,100.0,100.0,31.08,47754516.12903226,17.138849206349207,34.21,0.0,0.13,0.38,79038.31,3.3002032520325204,,0.22,-3.2,14485.39,16.0,309500.0,21.4735329,55.975413
Pakistan,2020,75.38,49.3,56.17,47754516.12903226,17.138849206349207,71.78,9.64,34.050000000000004,38.23,4301.19,3.3002032520325204,,12.02,-0.94,1188.86,287.0,796095.0,30.375321,69.345116
Panama,2020,96.7,87.6,286.495,47754516.12903226,17.138849206349207,2.7,0.0,8.35,75.57,27640.85,3.3002032520325204,,11.809621212121211,-5.26,12509.84,58.0,75420.0,8.537981,-80.782127
Papua New Guinea,2020,60.4,9.4,37.26,47754516.12903226,17.138849206349207,3.36,0.0,1.28,27.59,2163.87,3.3002032520325204,,11.809621212121211,-3.5,2757.22,20.0,462840.0,-6.314993,143.95555
Paraguay,2020,100.0,68.6,286.495,47754516.12903226,17.138849206349207,0.07,0.0,34.050000000000004,99.85,18493.12,3.3002032520325204,,11.809621212121211,-0.57,5001.07,18.0,406752.0,-23.442503,-58.443832
Peru,2020,99.31,85.1,201.09,47754516.12903226,17.138849206349207,19.1,0.0,33.72,63.84,8365.43,3.3002032520325204,,30.74,-5.26,6126.87,26.0,1244230.5,-9.189967,-75.015152
Philippines,2020,96.84,48.0,62.39,47754516.12903226,17.138849206349207,71.78,0.0,23.21,22.65,4565.34,3.3002032520325204,,11.04,-5.26,3298.83,368.0,300000.0,12.879721,121.774017
Poland,2020,100.0,100.0,95.71330769230768,47754516.12903226,17.138849206349207,71.78,0.0,28.23,17.96,29514.13,3.3002032520325204,,7.77,-2.54,15720.99,124.0,312685.0,51.919438,19.145136
Portugal,2020,100.0,100.0,95.71330769230768,47754516.12903226,17.138849206349207,21.43,0.0,30.11,58.42,25782.08,3.3002032520325204,,31.72,-5.26,22176.3,111.0,92212.0,39.399872,-8.224454
Puerto Rico,2000,100.0,72.09883419689119,27.2,47754516.12903226,0.55,21.66,0.0,0.15,0.69,33807.61,0.11,,11.809621212121211,3.27,16192.13,368.0,9104.0,18.25,-66.5
Puerto Rico,2001,100.0,72.09883419689119,27.19,47754516.12903226,0.54,22.17,0.0,0.13,0.58,36749.92,0.18,,11.809621212121211,6.31,18123.2,368.0,9104.0,18.25,-66.5
Puerto Rico,2002,100.0,72.09883419689119,27.29,47754516.12903226,0.5,23.06,0.0,0.11,0.47,37742.36,0.18,,11.809621212121211,0.92,18731.46,368.0,9104.0,18.25,-66.5
Puerto Rico,2003,100.0,72.09883419689119,27.37,47754516.12903226,0.5,23.83,0.0,0.1,0.42,39338.19,0.21,,11.809621212121211,0.05,19557.12,368.0,9104.0,18.25,-66.5
Puerto Rico,2004,100.0,72.09883419689119,27.4,47754516.12903226,0.5,23.99,0.0,0.14,0.58,40723.62,0.18,,11.809621212121211,8.75,20988.99,368.0,9104.0,18.25,-66.5
Puerto Rico,2005,100.0,72.09883419689119,38.0,47754516.12903226,0.56,24.82,0.0,0.14,0.56,39564.49,0.18,,11.809621212121211,-1.99,21959.32,368.0,9104.0,18.25,-66.5
Puerto Rico,2006,100.0,72.09883419689119,39.19,47754516.12903226,0.48,23.69,0.0,0.14,0.59,36062.96,0.2,,11.809621212121211,-1.41,22935.94,368.0,9104.0,18.25,-66.5
Puerto Rico,2007,100.0,72.09883419689119,45.35,47754516.12903226,0.49,22.14,0.0,0.16,0.72,34952.59,0.21,,11.809621212121211,-1.16,23664.88,368.0,9104.0,18.25,-66.5
Puerto Rico,2008,100.0,72.09883419689119,43.24,47754516.12903226,0.51,20.76,0.0,0.16,0.76,32875.31,0.23,,11.809621212121211,-1.84,24898.33,368.0,9104.0,18.25,-66.5
Puerto Rico,2009,100.0,72.09883419689119,44.43,47754516.12903226,0.52,20.53,0.0,0.17,0.82,30928.21,0.22,,11.809621212121211,-1.95,25768.73,368.0,9104.0,18.25,-66.5
Puerto Rico,2010,100.0,72.09883419689119,43.1,47754516.12903226,0.69,20.74,0.0,0.16,0.77,26371.68,0.23,,11.809621212121211,-0.41,26435.75,368.0,9104.0,18.25,-66.5
Puerto Rico,2011,100.0,72.09883419689119,43.34,47754516.12903226,0.66,19.87,0.0,0.15,0.75,28760.35,0.22,,11.809621212121211,-0.36,27278.88,368.0,9104.0,18.25,-66.5
Puerto Rico,2012,100.0,72.09883419689119,58.85,47754516.12903226,0.53,21.08,0.0,0.12,0.57,30574.37,0.39,,11.809621212121211,0.03,27944.73,368.0,9104.0,18.25,-66.5
Puerto Rico,2013,100.0,72.09883419689119,80.23,47754516.12903226,1.38,20.2,0.0,0.29,1.42,27237.19,0.47,,11.809621212121211,-0.31,28513.17,368.0,9104.0,18.25,-66.5
Puerto Rico,2014,100.0,72.09883419689119,85.72,47754516.12903226,1.65,20.07,0.0,0.35,1.71,26354.95,0.49,,11.809621212121211,-1.19,28981.46,368.0,9104.0,18.25,-66.5
Puerto Rico,2015,100.0,72.09883419689119,93.57,47754516.12903226,1.86,20.03,0.0,0.38,1.86,26833.93,0.47,,11.809621212121211,-1.05,29763.49,368.0,9104.0,18.25,-66.5
Puerto Rico,2016,100.0,72.09883419689119,110.08,47754516.12903226,1.89,20.57,0.0,0.39,1.86,25580.96,0.53,,11.809621212121211,-1.26,30627.16,368.0,9104.0,18.25,-66.5
Puerto Rico,2017,100.0,72.09883419689119,116.69,47754516.12903226,2.26,16.32,0.0,0.37,2.22,25320.36,0.42,,11.809621212121211,-2.89,31108.76,368.0,9104.0,18.25,-66.5
Puerto Rico,2018,100.0,72.09883419689119,121.46,47754516.12903226,1.36,16.75,0.0,0.24,1.41,25807.2,0.55,,11.809621212121211,-4.15,31604.7,368.0,9104.0,18.25,-66.5
Puerto Rico,2019,100.0,72.09883419689119,126.27,47754516.12903226,2.42,16.8,0.0,0.46,2.67,24532.93,0.63,,11.809621212121211,1.48,32850.55,368.0,9104.0,18.25,-66.5
Puerto Rico,2020,100.0,72.09883419689119,126.71,47754516.12903226,10.139343419241042,16.67,0.0,0.47,2.74,21459.73,0.12723752574685077,,11.809621212121211,-3.9,32290.92,368.0,9104.0,18.25,-66.5
Qatar,2020,100.0,100.0,14.96,47754516.12903226,17.138849206349207,44.63,0.0,0.02,0.04,80254.725,3.3002032520325204,,0.08,-3.56,37414.814999999995,248.0,11586.0,25.354826,51.183884
Romania,2020,100.0,87.7,95.71330769230768,47754516.12903226,17.138849206349207,19.54,11.47,24.61,64.87,18998.81,3.3002032520325204,,17.58,-3.93,12896.09,84.0,238391.0,45.943161,24.96676
Rwanda,2020,46.6,2.4,10.92,47754516.12903226,17.138849206349207,0.32,0.0,0.59,64.84,496.9,3.3002032520325204,,11.809621212121211,-3.36,797.86,496.5,26338.0,-1.940278,29.873888
Saint Kitts and Nevis,2000,95.28,100.0,0.0,47754516.12903226,26.64,0.09,0.0,0.0,0.0,16953.34,3.09,,11.809621212121211,-1.5726341463414633,13973.745238095238,205.0,261.0,17.357822,-62.782998
Saint Kitts and Nevis,2001,93.53,100.0,0.0,47754516.12903226,26.28,0.09,0.0,0.0,0.0,17325.98,3.02,,11.809621212121211,-1.5726341463414633,13973.745238095238,205.0,261.0,17.357822,-62.782998
Saint Kitts and Nevis,2002,95.8,100.0,0.0,47754516.12903226,24.59,0.1,0.0,0.0,0.0,18842.0,3.23,,11.809621212121211,-1.5726341463414633,13973.745238095238,205.0,261.0,17.357822,-62.782998
Saint Kitts and Nevis,2003,96.05,100.0,0.0,47754516.12903226,26.62,0.12,0.0,0.0,0.0,18804.08,3.44,,11.809621212121211,-1.5726341463414633,13973.745238095238,205.0,261.0,17.357822,-62.782998
Saint Kitts and Nevis,2004,96.3,100.0,0.0,47754516.12903226,22.22,0.12,0.0,0.0,0.0,20273.66,3.49,,11.809621212121211,-1.5726341463414633,13973.745238095238,205.0,261.0,17.357822,-62.782998
Saint Kitts and Nevis,2005,96.55,100.0,0.0,47754516.12903226,25.58,0.13,0.0,0.0,0.0,18827.42,2.98,,11.809621212121211,-1.5726341463414633,13973.745238095238,205.0,261.0,17.357822,-62.782998
Saint Kitts and Nevis,2006,96.8,100.0,0.0,47754516.12903226,0.01,0.13,0.0,0.0,0.0,19448.73,2.54,,11.809621212121211,-1.5726341463414633,13973.745238095238,205.0,261.0,17.357822,-62.782998
Saint Kitts and Nevis,2007,97.06,100.0,0.0,47754516.12903226,0.01,0.16,0.0,0.0,0.0,20502.66,2.67,,11.809621212121211,-1.5726341463414633,13973.745238095238,205.0,261.0,17.357822,-62.782998
Saint Kitts and Nevis,2008,97.32,100.0,0.0,360000.0,0.01,0.17,0.0,0.0,0.0,20417.77,2.51,,11.809621212121211,-1.5726341463414633,13973.745238095238,205.0,261.0,17.357822,-62.782998
Saint Kitts and Nevis,2009,97.59,100.0,0.0,47754516.12903226,0.01,0.17,0.0,0.0,0.0,20836.16,2.68,,11.809621212121211,-1.5726341463414633,13973.745238095238,205.0,261.0,17.357822,-62.782998
Saint Kitts and Nevis,2010,99.84,100.0,44.89,47754516.12903226,0.97,0.18,0.0,0.0,0.0,20931.09,2.73,,11.809621212121211,-1.5726341463414633,13973.745238095238,205.0,261.0,17.357822,-62.782998
Saint Kitts and Nevis,2011,100.0,100.0,44.9,18410000.0,0.92,0.18,0.0,0.0,0.0,21851.84,2.77,,11.809621212121211,-1.5726341463414633,13973.745238095238,205.0,261.0,17.357822,-62.782998
Saint Kitts and Nevis,2012,100.0,100.0,44.51,47754516.12903226,1.31,0.19,0.0,0.01,5.0,21675.41,2.78,,11.809621212121211,-1.5726341463414633,13973.745238095238,205.0,261.0,17.357822,-62.782998
Saint Kitts and Nevis,2013,100.0,100.0,50.87,47754516.12903226,1.38,0.2,0.0,0.01,4.76,21579.87,2.64,,11.809621212121211,-1.5726341463414633,13973.745238095238,205.0,261.0,17.357822,-62.782998
Saint Kitts and Nevis,2014,100.0,100.0,71.69,47754516.12903226,1.63,0.2,0.0,0.01,4.76,21838.45,2.53,,11.809621212121211,-1.5726341463414633,13973.745238095238,205.0,261.0,17.357822,-62.782998
Saint Kitts and Nevis,2015,100.0,100.0,71.09,47754516.12903226,1.63,0.19,0.0,0.01,5.0,22357.99,2.56,,11.809621212121211,-1.5726341463414633,13973.745238095238,205.0,261.0,17.357822,-62.782998
Saint Kitts and Nevis,2016,100.0,100.0,80.19,47754516.12903226,1.68,0.2,0.0,0.01,4.76,22948.98,2.56,,11.809621212121211,-1.5726341463414633,13973.745238095238,205.0,261.0,17.357822,-62.782998
Saint Kitts and Nevis,2017,100.0,100.0,79.56,47754516.12903226,1.6,0.21,0.0,0.0,0.0,22939.45,2.63,,11.809621212121211,-1.5726341463414633,13973.745238095238,205.0,261.0,17.357822,-62.782998
Saint Kitts and Nevis,2018,100.0,100.0,78.95,47754516.12903226,1.6,0.21,0.0,0.01,4.55,23219.2,2.59,,11.809621212121211,-1.5726341463414633,13973.745238095238,205.0,261.0,17.357822,-62.782998
Saint Kitts and Nevis,2019,100.0,100.0,78.36,47754516.12903226,1.58,0.21,0.0,0.01,4.55,23235.22,2.58,,11.809621212121211,-1.5726341463414633,13973.745238095238,205.0,261.0,17.357822,-62.782998
Saint Kitts and Nevis,2020,100.0,100.0,77.83,47754516.12903226,1.3138822157892274,0.2,0.0,0.01,4.76,19642.78,2.8522771829024567,,11.809621212121211,-1.5726341463414633,13973.745238095238,205.0,261.0,17.357822,-62.782998
Saint Lucia,2000,89.39,86.2,0.0,47754516.12903226,24.05,0.26,0.0,0.0,0.0,9184.19,3.06,,11.809621212121211,-1.5726341463414633,13973.745238095238,301.0,616.0,13.909444,-60.978893
Saint Lucia,2001,89.9,87.7,0.0,47754516.12903226,22.23,0.27,0.0,0.0,0.0,9891.6,3.28,,11.809621212121211,-1.5726341463414633,13973.745238095238,301.0,616.0,13.909444,-60.978893
Saint Lucia,2002,90.36,89.1,0.0,47754516.12903226,21.73,0.27,0.0,0.0,0.0,8871.31,3.22,,11.809621212121211,-1.5726341463414633,13973.745238095238,301.0,616.0,13.909444,-60.978893
Saint Lucia,2003,90.83,90.4,0.0,47754516.12903226,20.02,0.28,0.0,0.0,0.0,9741.58,3.22,,11.809621212121211,-1.5726341463414633,13973.745238095238,301.0,616.0,13.909444,-60.978893
Saint Lucia,2004,91.31,91.4,0.0,47754516.12903226,18.43,0.29,0.0,0.0,0.0,9705.24,3.11,,11.809621212121211,-1.5726341463414633,13973.745238095238,301.0,616.0,13.909444,-60.978893
Saint Lucia,2005,91.78,92.3,0.0,47754516.12903226,18.44,0.3,0.0,0.0,0.0,9942.04,3.07,,11.809621212121211,-1.5726341463414633,13973.745238095238,301.0,616.0,13.909444,-60.978893
Saint Lucia,2006,92.26,93.2,0.0,47754516.12903226,16.94,0.31,0.0,0.0,0.0,9963.84,3.0,,11.809621212121211,-1.5726341463414633,13973.745238095238,301.0,616.0,13.909444,-60.978893
Saint Lucia,2007,92.74,93.9,0.0,47754516.12903226,16.26,0.32,0.0,0.0,0.0,10237.04,2.97,,11.809621212121211,-1.5726341463414633,13973.745238095238,301.0,616.0,13.909444,-60.978893
Saint Lucia,2008,93.22,94.4,0.0,47754516.12903226,15.53,0.33,0.0,0.0,0.0,10455.24,2.84,,11.809621212121211,-1.5726341463414633,13973.745238095238,301.0,616.0,13.909444,-60.978893
Saint Lucia,2009,93.72,94.9,0.06,47754516.12903226,15.08,0.34,0.0,0.0,0.0,10132.1,2.9,,11.809621212121211,-1.5726341463414633,13973.745238095238,301.0,616.0,13.909444,-60.978893
Saint Lucia,2010,94.2,95.2,0.12,47754516.12903226,13.22,0.36,0.0,0.0,0.0,10512.18,3.18,,11.809621212121211,-1.5726341463414633,13973.745238095238,301.0,616.0,13.909444,-60.978893
Saint Lucia,2011,94.75,95.4,0.11,47754516.12903226,12.93,0.36,0.0,0.0,0.0,10594.86,2.99,,11.809621212121211,-1.5726341463414633,13973.745238095238,301.0,616.0,13.909444,-60.978893
Saint Lucia,2012,95.34,95.4,0.28,47754516.12903226,12.39,0.36,0.0,0.0,0.0,10486.78,3.0,,11.809621212121211,-1.5726341463414633,13973.745238095238,301.0,616.0,13.909444,-60.978893
Saint Lucia,2013,95.86,95.5,0.34,47754516.12903226,12.1,0.36,0.0,0.0,0.0,10408.48,3.09,,11.809621212121211,-1.5726341463414633,13973.745238095238,301.0,616.0,13.909444,-60.978893
Saint Lucia,2014,96.44,95.5,0.56,930000.0,11.72,0.36,0.0,0.0,0.0,10461.29,3.03,,11.809621212121211,-1.5726341463414633,13973.745238095238,301.0,616.0,13.909444,-60.978893
Saint Lucia,2015,97.03,95.3,4.24,10000.0,11.52,0.36,0.0,0.0,0.0,10483.14,3.03,,11.809621212121211,-1.5726341463414633,13973.745238095238,301.0,616.0,13.909444,-60.978893
Saint Lucia,2016,97.64,95.2,4.64,47754516.12903226,11.17,0.37,0.0,0.0,0.0,10549.01,2.93,,11.809621212121211,-1.5726341463414633,13973.745238095238,301.0,616.0,13.909444,-60.978893
Saint Lucia,2017,98.28,95.0,4.61,9770000.0,10.22,0.38,0.0,0.0,0.0,11386.96,2.95,,11.809621212121211,-1.5726341463414633,13973.745238095238,301.0,616.0,13.909444,-60.978893
Saint Lucia,2018,98.88,94.8,21.08,47754516.12903226,10.22,0.37,0.0,0.0,0.0,10425.03,2.86,,11.809621212121211,-1.5726341463414633,13973.745238095238,301.0,616.0,13.909444,-60.978893
Saint Lucia,2019,99.5,94.4,20.98,47754516.12903226,9.75,0.35,0.0,0.0,0.0,15259.88,2.84,,11.809621212121211,-1.5726341463414633,13973.745238095238,301.0,616.0,13.909444,-60.978893
Saint Lucia,2020,100.0,94.3,20.89,47754516.12903226,6.452931111771932,0.33,0.0,0.0,0.0,12810.42,3.2219149749238003,,11.809621212121211,-1.5726341463414633,13973.745238095238,301.0,616.0,13.909444,-60.978893
Saint Vincent and the Grenadines,2000,79.88,95.6,52.33,47754516.12903226,8.49,0.06,0.0,0.03,33.33,6158.82,2.43,,11.809621212121211,-1.5726341463414633,13973.745238095238,284.0,389.0,12.984305,-61.287228
Saint Vincent and the Grenadines,2001,82.41,95.6,52.27,47754516.12903226,6.19,0.08,0.0,0.02,20.0,7138.92,2.82,,11.809621212121211,-1.5726341463414633,13973.745238095238,284.0,389.0,12.984305,-61.287228
Saint Vincent and the Grenadines,2002,82.47,95.6,52.18,47754516.12903226,6.07,0.08,0.0,0.02,20.0,7730.99,2.85,,11.809621212121211,-1.5726341463414633,13973.745238095238,284.0,389.0,12.984305,-61.287228
Saint Vincent and the Grenadines,2003,83.75,95.8,52.07,47754516.12903226,5.63,0.08,0.0,0.02,20.0,8126.26,2.79,,11.809621212121211,-1.5726341463414633,13973.745238095238,284.0,389.0,12.984305,-61.287228
Saint Vincent and the Grenadines,2004,85.03,95.6,51.97,47754516.12903226,5.86,0.09,0.0,0.03,25.0,9015.83,2.94,,11.809621212121211,-1.5726341463414633,13973.745238095238,284.0,389.0,12.984305,-61.287228
Saint Vincent and the Grenadines,2005,86.31,95.6,51.93,47754516.12903226,5.81,0.1,0.0,0.03,23.08,9096.03,2.88,,11.809621212121211,-1.5726341463414633,13973.745238095238,284.0,389.0,12.984305,-61.287228
Saint Vincent and the Grenadines,2006,87.6,95.7,51.93,47754516.12903226,5.29,0.1,0.0,0.02,16.67,9072.75,2.65,,11.809621212121211,-1.5726341463414633,13973.745238095238,284.0,389.0,12.984305,-61.287228
Saint Vincent and the Grenadines,2007,88.79,95.8,51.97,47754516.12903226,4.71,0.11,0.0,0.02,15.38,9295.73,2.76,,11.809621212121211,-1.5726341463414633,13973.745238095238,284.0,389.0,12.984305,-61.287228
Saint Vincent and the Grenadines,2008,90.18,95.75,52.03,360000.0,5.33,0.11,0.0,0.02,15.38,9347.96,2.53,,11.809621212121211,-1.5726341463414633,13973.745238095238,284.0,389.0,12.984305,-61.287228
Saint Vincent and the Grenadines,2009,91.48,95.7,52.08,47754516.12903226,4.1,0.11,0.0,0.02,15.38,12625.21,3.27,,11.809621212121211,-1.5726341463414633,13973.745238095238,284.0,389.0,12.984305,-61.287228
Saint Vincent and the Grenadines,2010,92.8,95.6,52.1,47754516.12903226,5.13,0.11,0.0,0.03,21.43,9376.51,2.71,,11.809621212121211,-1.5726341463414633,13973.745238095238,284.0,389.0,12.984305,-61.287228
Saint Vincent and the Grenadines,2011,94.13,95.7,52.16,47754516.12903226,6.09,0.11,0.0,0.03,21.43,8740.02,2.68,,11.809621212121211,-1.5726341463414633,13973.745238095238,284.0,389.0,12.984305,-61.287228
Saint Vincent and the Grenadines,2012,95.48,95.55,52.52,47754516.12903226,5.02,0.11,0.0,0.03,21.43,10656.23,2.76,,11.809621212121211,-1.5726341463414633,13973.745238095238,284.0,389.0,12.984305,-61.287228
Saint Vincent and the Grenadines,2013,96.85,95.6,55.89,10000.0,5.37,0.11,0.0,0.02,15.38,8768.7,2.58,,11.809621212121211,-1.5726341463414633,13973.745238095238,284.0,389.0,12.984305,-61.287228
Saint Vincent and the Grenadines,2014,98.24,95.35,55.76,20000.0,3.32,0.12,0.0,0.01,7.69,9080.62,2.95,,11.809621212121211,-1.5726341463414633,13973.745238095238,284.0,389.0,12.984305,-61.287228
Saint Vincent and the Grenadines,2015,99.64,95.2,58.55,47754516.12903226,4.3,0.12,0.0,0.02,14.29,9347.27,2.72,,11.809621212121211,-1.5726341463414633,13973.745238095238,284.0,389.0,12.984305,-61.287228
Saint Vincent and the Grenadines,2016,99.8,95.3,62.49,31690000.0,4.1,0.13,0.0,0.02,13.33,9374.36,2.74,,11.809621212121211,-1.5726341463414633,13973.745238095238,284.0,389.0,12.984305,-61.287228
Saint Vincent and the Grenadines,2017,99.98,94.9,62.92,3100000.0,5.29,0.12,0.0,0.02,14.29,10836.36,2.41,,11.809621212121211,-1.5726341463414633,13973.745238095238,284.0,389.0,12.984305,-61.287228
Saint Vincent and the Grenadines,2018,100.0,94.7,62.7,47754516.12903226,4.93,0.12,0.0,0.02,14.29,9998.61,2.67,,11.809621212121211,-1.5726341463414633,13973.745238095238,284.0,389.0,12.984305,-61.287228
Saint Vincent and the Grenadines,2019,100.0,94.5,67.91,47754516.12903226,5.68,0.12,0.0,0.02,14.29,8642.68,2.48,,11.809621212121211,-1.5726341463414633,13973.745238095238,284.0,389.0,12.984305,-61.287228
Saint Vincent and the Grenadines,2020,100.0,94.2,67.69,47754516.12903226,12.292172296375744,0.11,0.0,0.04,26.67,7788.5,0.11764714190243186,,11.809621212121211,-1.5726341463414633,13973.745238095238,284.0,389.0,12.984305,-61.287228
Samoa,2020,100.0,36.5,141.8,47754516.12903226,17.138849206349207,0.1,0.0,0.06,37.5,7222.19,3.3002032520325204,,11.809621212121211,-2.59,4067.84,70.0,2831.0,-13.759029,-172.104629
Sao Tome and Principe,2020,76.56,3.3,12.11,47754516.12903226,17.138849206349207,0.09,0.0,0.01,10.0,3207.42,3.3002032520325204,,11.809621212121211,3.09,2157.84,242.0,836.0,0.3301924,6.733343
Saudi Arabia,2020,100.0,100.0,11.85,47754516.12903226,17.138849206349207,71.78,30.74280612244898,0.21,0.06,80254.725,3.3002032520325204,,0.02,-4.11,20110.32,16.0,1244230.5,23.885942,45.079162
Senegal,2020,70.37,24.2,14.69,47754516.12903226,17.138849206349207,4.23,0.0,1.0,19.12,2532.41,3.3002032520325204,,11.809621212121211,1.5,1471.83,87.0,196722.0,14.497401,-14.452362
Serbia,2020,100.0,79.8,95.71330769230768,47754516.12903226,17.138849206349207,27.02,0.0,10.21,27.42,26211.98,3.3002032520325204,,11.809621212121211,-0.94,7720.51,100.0,77474.0,44.016521,21.005859
Seychelles,2020,100.0,100.0,99.53,47754516.12903226,17.138849206349207,0.53,0.0,0.07,11.67,43703.28,3.3002032520325204,,11.809621212121211,-5.26,10764.42,214.0,455.0,-4.679574,55.491977
Sierra Leone,2020,26.2,0.8,12.42,47754516.12903226,17.138849206349207,0.02,0.0,0.19,90.48,480.53,3.3002032520325204,,11.809621212121211,-1.97,509.38,111.0,71740.0,8.460555,-11.779889
Singapore,2020,100.0,100.0,93.64,47754516.12903226,17.138849206349207,50.04,0.0,0.83,1.63,80254.725,3.3002032520325204,,0.31,-5.26,37414.814999999995,496.5,716.0,1.352083,103.819836
Slovakia,2000,100.0,100.0,95.71330769230768,47754516.12903226,3.73,9.68,16.49,4.61,68.55,40591.29,8.8,,6.25,-1.5726341463414633,13973.745238095238,114.0,49035.0,48.669026,19.699024
Slovakia,2001,100.0,100.0,95.71330769230768,47754516.12903226,6.0,9.65,17.1,5.08,69.68,41766.94,8.93,,6.66,-1.5726341463414633,13973.745238095238,114.0,49035.0,48.669026,19.699024
Slovakia,2002,100.0,100.0,95.71330769230768,47754516.12903226,5.48,8.81,17.95,5.42,72.62,42124.3,8.61,,7.01,-1.5726341463414633,13973.745238095238,114.0,49035.0,48.669026,19.699024
Slovakia,2003,100.0,100.0,95.71330769230768,47754516.12903226,5.35,9.52,17.86,3.58,69.25,40913.17,8.12,,4.49,-1.5726341463414633,13973.745238095238,114.0,49035.0,48.669026,19.699024
Slovakia,2004,100.0,100.0,95.71330769230768,47754516.12903226,6.25,9.29,17.03,4.13,69.49,40008.51,7.6,,5.42,-1.5726341463414633,13973.745238095238,114.0,49035.0,48.669026,19.699024
Slovakia,2005,100.0,100.0,95.71330769230768,47754516.12903226,6.31,8.93,17.73,4.68,71.51,42086.47,7.31,,5.8,-1.5726341463414633,13973.745238095238,114.0,49035.0,48.669026,19.699024
Slovakia,2006,100.0,100.0,95.71330769230768,47754516.12903226,6.57,8.39,18.01,4.81,73.12,40946.38,6.67,,6.19,-1.5726341463414633,13973.745238095238,114.0,49035.0,48.669026,19.699024
Slovakia,2007,100.0,100.0,95.71330769230768,47754516.12903226,8.23,7.57,15.33,4.93,72.8,38418.41,5.76,,6.75,-1.5726341463414633,13973.745238095238,114.0,49035.0,48.669026,19.699024
Slovakia,2008,100.0,100.0,95.71330769230768,47754516.12903226,7.63,7.46,16.7,4.57,74.03,39431.95,5.6,,6.23,-1.5726341463414633,13973.745238095238,114.0,49035.0,48.669026,19.699024
Slovakia,2009,100.0,100.0,95.71330769230768,47754516.12903226,10.0,6.89,14.08,4.92,73.39,35687.54,5.41,,7.33,-1.5726341463414633,13973.745238095238,114.0,49035.0,48.669026,19.699024
Slovakia,2010,100.0,100.0,95.71330769230768,47754516.12903226,10.28,6.9,14.57,5.95,74.84,38080.73,5.45,,7.98,-1.5726341463414633,13973.745238095238,114.0,49035.0,48.669026,19.699024
Slovakia,2011,100.0,100.0,95.71330769230768,47754516.12903226,10.36,7.8,15.41,5.0,72.35,36591.31,5.15,,6.98,-1.5726341463414633,13973.745238095238,114.0,49035.0,48.669026,19.699024
Slovakia,2012,100.0,100.0,95.71330769230768,47754516.12903226,10.47,7.28,15.49,5.47,74.22,35105.09,4.86,,8.01,-1.5726341463414633,13973.745238095238,114.0,49035.0,48.669026,19.699024
Slovakia,2013,100.0,100.0,95.71330769230768,47754516.12903226,10.68,6.36,15.72,6.36,77.64,35936.51,4.91,,8.99,-1.5726341463414633,13973.745238095238,114.0,49035.0,48.669026,19.699024
Slovakia,2014,100.0,100.0,95.71330769230768,47754516.12903226,12.24,5.3,15.5,6.24,80.4,33419.59,4.5,,9.86,-1.5726341463414633,13973.745238095238,114.0,49035.0,48.669026,19.699024
Slovakia,2015,100.0,100.0,95.71330769230768,47754516.12903226,13.41,5.34,15.15,6.05,79.88,33734.29,4.41,,9.64,-1.5726341463414633,13973.745238095238,114.0,49035.0,48.669026,19.699024
Slovakia,2016,100.0,100.0,95.71330769230768,47754516.12903226,13.09,5.28,14.77,6.63,80.21,34015.23,4.35,,10.0,-1.5726341463414633,13973.745238095238,114.0,49035.0,48.669026,19.699024
Slovakia,2017,100.0,100.0,95.71330769230768,47754516.12903226,12.43,5.67,15.08,6.54,79.22,35774.91,4.45,,9.41,-1.5726341463414633,13973.745238095238,114.0,49035.0,48.669026,19.699024
Slovakia,2018,100.0,100.0,95.71330769230768,47754516.12903226,12.43,5.92,14.84,5.81,77.72,35121.09,4.28,,8.5,-1.5726341463414633,13973.745238095238,114.0,49035.0,48.669026,19.699024
Slovakia,2019,100.0,100.0,95.71330769230768,47754516.12903226,17.64,6.26,15.28,6.65,77.79,33892.78,4.11,,9.98,-1.5726341463414633,13973.745238095238,114.0,49035.0,48.669026,19.699024
Slovakia,2020,100.0,100.0,95.71330769230768,47754516.12903226,33.607511319435154,6.22,15.44,6.85,78.18,33193.33,4.453931343050406,,10.48,-1.5726341463414633,13973.745238095238,114.0,49035.0,48.669026,19.699024
Slovenia,2020,100.0,100.0,95.71330769230768,47754516.12903226,17.138849206349207,4.96,6.35,5.58,70.63,36542.87,3.3002032520325204,,19.16,-4.23,25517.33,103.0,20273.0,46.151241,14.995463
Solomon Islands,2020,73.35,9.1,5.28,47754516.12903226,17.138849206349207,0.1,0.0,0.0,0.0,1877.32,3.3002032520325204,,11.809621212121211,-4.32,2250.6,25.0,28896.0,-9.64571,160.156194
Somalia,2020,49.73,3.2,1.64,47754516.12903226,17.138849206349207,0.35,0.0,0.03,7.89,212.1,3.3002032520325204,,11.809621212121211,2.44,438.26,25.0,637657.0,5.152149,46.199616
South Africa,2020,84.39,86.8,162.5,47754516.12903226,17.138849206349207,71.78,11.62,12.83,11.02,23568.95,3.3002032520325204,,3.15,-5.26,5655.87,49.0,1219090.0,-30.559482,22.937506
South Sudan,2020,7.24,0.0,0.06,47754516.12903226,17.138849206349207,0.53,0.0,0.01,1.85,703.14,3.3002032520325204,,11.809621212121211,-1.5726341463414633,13973.745238095238,18.0,644329.0,6.8769919,31.3069788
Spain,2020,100.0,100.0,95.71330769230768,47754516.12903226,17.138849206349207,71.78,58.3,34.050000000000004,66.26,30391.29,3.3002032520325204,,22.1,-5.26,27063.19,94.0,505370.0,40.463667,-3.74922
Sri Lanka,2020,100.0,32.2,109.83,47754516.12903226,17.138849206349207,9.64,0.0,5.94,38.13,4853.11,3.3002032520325204,,15.97,-3.57,3680.67,341.0,65610.0,7.873054,80.771797
Sudan,2020,55.39,54.7,48.44,47754516.12903226,17.138849206349207,5.68,0.0,10.79,65.51,2378.23,3.3002032520325204,,11.809621212121211,-3.63,486.42,25.0,1244230.5,12.862807,30.217636
Suriname,2020,98.2,94.5,286.495,47754516.12903226,17.138849206349207,0.94,0.0,0.98,51.04,20356.21,3.3002032520325204,,11.809621212121211,-5.26,4916.61,4.0,163820.0,3.919305,-56.027783
Sweden,2020,100.0,100.0,95.71330769230768,47754516.12903226,17.138849206349207,2.44,49.2,34.050000000000004,98.51,59395.52,3.3002032520325204,,39.54,-2.95,37414.814999999995,25.0,450295.0,60.128161,18.643501
Switzerland,2020,100.0,100.0,95.71330769230768,47754516.12903226,17.138849206349207,3.62,22.99,34.050000000000004,94.63,35766.38,3.3002032520325204,,36.21,-2.39,37414.814999999995,219.0,41277.0,46.818188,8.227512
Tajikistan,2020,99.78,82.4,286.495,47754516.12903226,17.138849206349207,1.62,0.0,18.11,91.79,7819.39,3.3002032520325204,,11.809621212121211,4.5,859.14,68.0,144100.0,38.861034,71.276093
Thailand,2020,100.0,83.6,171.79,47754516.12903226,17.138849206349207,71.78,0.0,24.73,13.8,19298.09,3.3002032520325204,,6.99,-5.26,7186.87,137.0,513120.0,15.870032,100.992541
Togo,2020,54.0,10.1,8.72,47754516.12903226,17.138849206349207,0.43,0.0,0.15,25.86,1152.52,3.3002032520325204,,11.809621212121211,1.75,914.95,152.0,56785.0,8.619543,0.824782
Tonga,2020,100.0,84.1,73.33,47754516.12903226,17.138849206349207,0.06,0.0,0.01,14.29,6542.07,3.3002032520325204,,11.809621212121211,0.65,4624.82,147.0,747.0,-21.178986,-175.198242
Trinidad and Tobago,2020,100.0,100.0,2.15,47754516.12903226,17.138849206349207,8.2,0.0,0.01,0.12,80254.725,3.3002032520325204,,0.01,-5.26,15425.64,273.0,5128.0,10.691803,-61.222503
Tunisia,2020,100.0,99.8,33.92,47754516.12903226,17.138849206349207,18.73,0.0,0.85,4.34,9290.7,3.3002032520325204,,11.809621212121211,-5.26,3521.59,76.0,163610.0,33.886917,9.537499
Turkey,2000,100.0,90.1,178.5,130880000.0,17.29,71.78,0.0,31.16,25.06,13486.68,3.27,,10.66,6.93,4337.48,110.0,783562.0,38.963745,35.243322
Turkey,2001,100.0,90.8,183.61,10000.0,18.12,71.78,0.0,24.34,19.92,12073.25,3.2,,9.11,-5.26,3142.92,110.0,783562.0,38.963745,35.243322
Turkey,2002,100.0,91.3,189.72,46425326.00484383,17.49,71.78,0.0,33.96,26.44,13026.98,3.17,,11.54,6.45,3687.96,110.0,783562.0,38.963745,35.243322
Turkey,2003,100.0,91.7,192.09,134577989.00726575,16.29,71.78,0.0,34.050000000000004,25.49,13613.35,3.18,,11.33,5.76,4760.1,110.0,783562.0,38.963745,35.243322
Turkey,2004,100.0,92.3,190.44,128920000.0,16.78,71.78,0.0,34.050000000000004,30.93,14380.44,2.97,,13.69,9.8,6101.63,110.0,783562.0,38.963745,35.243322
Turkey,2005,99.99,92.8,191.82,350000.0,15.34,71.78,0.0,34.050000000000004,24.6,14507.76,2.84,,11.42,8.99,7456.3,110.0,783562.0,38.963745,35.243322
Turkey,2006,99.96,93.1,192.47,240000.0,14.23,71.78,0.0,34.050000000000004,25.27,15888.1,2.94,,11.46,6.95,8101.86,110.0,783562.0,38.963745,35.243322
Turkey,2007,99.92,93.4,196.24,1640000.0,12.48,71.78,0.0,34.050000000000004,19.05,16664.89,3.02,,8.78,5.04,9791.88,110.0,783562.0,38.963745,35.243322
Turkey,2008,99.88,93.7,203.48,66710000.0,12.53,71.78,0.0,34.050000000000004,17.36,16521.77,2.94,,8.21,0.82,10941.17,110.0,783562.0,38.963745,35.243322
Turkey,2009,99.85,93.9,217.73,141147500.0,13.12,71.78,0.0,34.050000000000004,19.59,16535.23,3.08,,8.92,-4.82,9103.47,110.0,783562.0,38.963745,35.243322
Turkey,2010,100.0,94.2,240.14,141147500.0,14.21,71.78,0.0,34.050000000000004,26.4,17211.76,3.06,,12.28,8.43,10742.77,110.0,783562.0,38.963745,35.243322
Turkey,2011,100.0,94.3,259.87,141147500.0,12.68,71.78,0.0,34.050000000000004,25.34,18146.14,2.92,,11.91,11.2,11420.56,110.0,783562.0,38.963745,35.243322
Turkey,2012,100.0,94.5,286.495,141147500.0,13.03,71.78,0.0,34.050000000000004,27.24,18988.32,2.92,,12.52,4.79,11795.63,110.0,783562.0,38.963745,35.243322
Turkey,2013,100.0,94.7,286.495,141147500.0,13.8,71.78,0.0,34.050000000000004,28.86,18532.31,2.63,,13.31,8.49,12614.78,110.0,783562.0,38.963745,35.243322
Turkey,2014,100.0,94.8,286.495,141147500.0,11.51,71.78,0.0,34.050000000000004,20.91,18718.59,2.59,,9.77,4.94,12157.99,110.0,783562.0,38.963745,35.243322
Turkey,2015,100.0,94.9,286.495,141147500.0,13.34,71.78,0.0,34.050000000000004,32.01,20173.5,2.65,,14.06,6.08,11006.28,110.0,783562.0,38.963745,35.243322
Turkey,2016,100.0,95.1,286.495,141147500.0,13.23,71.78,0.0,34.050000000000004,32.97,20824.39,2.72,,14.48,3.32,10894.6,110.0,783562.0,38.963745,35.243322
Turkey,2017,100.0,95.2,286.495,141147500.0,11.4,71.78,0.0,34.050000000000004,29.43,21773.73,2.71,,13.17,7.5,10589.67,110.0,783562.0,38.963745,35.243322
Turkey,2018,100.0,95.2,286.495,141147500.0,11.83,71.78,0.0,34.050000000000004,32.18,21345.38,2.59,,14.85,2.98,9454.35,110.0,783562.0,38.963745,35.243322
Turkey,2019,100.0,95.2,286.495,141147500.0,14.12,71.78,0.0,34.050000000000004,43.68,21973.06,2.61,,19.25,0.89,9121.52,110.0,783562.0,38.963745,35.243322
Turkey,2020,100.0,95.2,286.495,141150559.08303466,16.630140906030963,71.78,0.0,34.050000000000004,42.02,21435.07,3.0890270556696753,,19.15,1.79,8536.43,110.0,783562.0,38.963745,35.243322
Turkmenistan,2020,100.0,99.9,0.2,47754516.12903226,17.138849206349207,20.11,0.0,0.0,0.0,67626.92,3.3002032520325204,,0.01,-1.5726341463414633,13973.745238095238,13.0,488100.0,38.969719,59.556278
Tuvalu,2020,99.69,70.6,196.07,47754516.12903226,17.138849206349207,16.842898550724637,30.74280612244898,9.355555555555556,40.028333333333336,0.0,3.3002032520325204,,11.809621212121211,4.4,4143.11,393.0,26.0,-7.109535,177.64933
Uganda,2020,42.07,0.5,25.89,47754516.12903226,17.138849206349207,0.13,0.0,4.32,97.08,766.41,3.3002032520325204,,11.809621212121211,2.95,822.03,229.0,241038.0,1.373333,32.290275
Ukraine,2020,100.0,94.9,95.71330769230768,47754516.12903226,17.138849206349207,54.5,76.2,17.56,63.24,20916.84,3.3002032520325204,,4.9,-4.0,3724.94,75.0,603550.0,48.379433,31.16558
United Arab Emirates,2020,100.0,100.0,256.84,47754516.12903226,17.138849206349207,71.78,1.56,5.5,5.58,80254.725,3.3002032520325204,,1.02,-5.26,36284.56,118.0,83600.0,23.424076,53.847818
United Kingdom,2020,100.0,100.0,95.71330769230768,47754516.12903226,17.138849206349207,71.78,50.85,34.050000000000004,59.4,29425.54,3.3002032520325204,,20.08,-5.26,37414.814999999995,281.0,243610.0,55.378051,-3.435973
United States,2020,100.0,100.0,95.71330769230768,47754516.12903226,17.138849206349207,71.78,155.8725,34.050000000000004,39.85,73236.14,3.3002032520325204,,10.53,-3.4,37414.814999999995,36.0,1244230.5,37.09024,-95.712891
Uruguay,2020,100.0,100.0,286.495,47754516.12903226,17.138849206349207,2.4,0.0,11.14,82.27,17631.44,3.3002032520325204,,11.809621212121211,-5.26,15438.41,20.0,176215.0,-32.522779,-55.765835
Uzbekistan,2020,100.0,84.25,60.02,47754516.12903226,17.138849206349207,50.93,0.0,5.01,8.96,15860.61,3.3002032520325204,,2.52,1.71,1750.7,79.0,447400.0,41.377491,64.585262
Vanuatu,2020,67.33,7.6,37.84,47754516.12903226,17.138849206349207,0.05,0.0,0.02,28.57,2923.54,3.3002032520325204,,11.809621212121211,-5.26,2870.09,25.0,12189.0,-15.376706,166.959158
Yemen,2000,49.19,55.7,0.0,1480000.0,0.95,3.21,0.0,0.0,0.0,3228.21,2.82,,11.809621212121211,-1.5726341463414633,13973.745238095238,56.0,527968.0,15.552727,48.516388
Yemen,2001,50.34,56.1,0.0,30000.0,0.89,3.42,0.0,0.0,0.0,3380.41,3.02,,11.809621212121211,-1.5726341463414633,13973.745238095238,56.0,527968.0,15.552727,48.516388
Yemen,2002,51.49,56.7,0.0,0.0,0.9,3.54,0.0,0.0,0.0,3320.32,2.81,,11.809621212121211,-1.5726341463414633,13973.745238095238,56.0,527968.0,15.552727,48.516388
Yemen,2003,52.63,57.15,0.0,64043.41388965261,0.78,3.85,0.0,0.0,0.0,3707.22,3.01,,11.809621212121211,-1.5726341463414633,13973.745238095238,56.0,527968.0,15.552727,48.516388
Yemen,2004,49.59,57.4,0.0,110000.0,0.75,4.1,0.0,0.0,0.0,3811.4,3.16,,11.809621212121211,-1.5726341463414633,13973.745238095238,56.0,527968.0,15.552727,48.516388
Yemen,2005,54.9,57.9,0.0,140000.0,0.74,4.48,0.0,0.0,0.0,3906.31,3.19,,11.809621212121211,-1.5726341463414633,13973.745238095238,56.0,527968.0,15.552727,48.516388
Yemen,2006,55.8,58.2,0.0,130000.0,0.76,5.06,0.0,0.0,0.0,3788.25,3.31,,11.809621212121211,-1.5726341463414633,13973.745238095238,56.0,527968.0,15.552727,48.516388
Yemen,2007,57.19,58.7,0.0,110000.0,0.76,5.67,0.0,0.0,0.0,3902.29,3.13,,11.809621212121211,-1.5726341463414633,13973.745238095238,56.0,527968.0,15.552727,48.516388
Yemen,2008,58.34,59.0,0.04,150000.0,0.74,6.15,0.0,0.0,0.0,3976.89,3.18,,11.809621212121211,-1.5726341463414633,13973.745238095238,56.0,527968.0,15.552727,48.516388
Yemen,2009,59.5,59.5,0.04,11170000.0,0.7,6.34,0.0,0.0,0.0,4277.22,3.38,,11.809621212121211,-1.5726341463414633,13973.745238095238,56.0,527968.0,15.552727,48.516388
Yemen,2010,60.68,59.7,0.04,310000.0,0.78,7.29,0.0,0.0,0.0,4030.76,3.17,,11.809621212121211,-1.5726341463414633,13973.745238095238,56.0,527968.0,15.552727,48.516388
Yemen,2011,61.86,60.0,0.05,57117635.794331774,0.93,5.83,0.0,0.0,0.0,3289.45,3.16,,11.809621212121211,-1.5726341463414633,13973.745238095238,56.0,527968.0,15.552727,48.516388
Yemen,2012,52.41,60.0,0.06,79630000.0,1.08,6.65,0.0,0.0,0.0,2769.04,2.79,,11.809621212121211,-1.5726341463414633,13973.745238095238,56.0,527968.0,15.552727,48.516388
Yemen,2013,75.6,60.3,0.09,660000.0,0.76,7.99,0.0,0.0,0.0,3797.83,3.69,,11.809621212121211,-1.5726341463414633,13973.745238095238,56.0,527968.0,15.552727,48.516388
Yemen,2014,66.1,60.8,0.19,18670000.0,0.76,7.19,0.0,0.01,0.14,3495.33,3.21,,11.809621212121211,-1.5726341463414633,13973.745238095238,56.0,527968.0,15.552727,48.516388
Yemen,2015,67.31,61.1,2.26,16253729.799925694,1.96,5.81,0.0,0.12,2.02,1837.1,2.05,,11.809621212121211,-1.5726341463414633,13973.745238095238,56.0,527968.0,15.552727,48.516388
Yemen,2016,68.86,61.2,2.94,-8670949.76433082,2.48,4.36,0.0,0.16,3.54,1432.55,2.164786317397154,,11.809621212121211,-1.5726341463414633,13973.745238095238,56.0,527968.0,15.552727,48.516388
Yemen,2017,79.2,61.35,3.59,10000.0,2.8,3.63,0.0,0.19,4.97,1288.88,5.509145269588618,,11.809621212121211,-1.5726341463414633,13973.745238095238,56.0,527968.0,15.552727,48.516388
Yemen,2018,62.0,61.5,8.77,55730000.0,3.6,2.82,0.0,0.48,14.55,1170.73,14.037863173971548,,11.809621212121211,-1.5726341463414633,13973.745238095238,56.0,527968.0,15.552727,48.516388
Yemen,2019,72.75,61.3,8.57,1200000.0,3.11,2.93,0.0,0.48,14.08,1475.99,29.7057263479431,,11.809621212121211,-1.5726341463414633,13973.745238095238,56.0,527968.0,15.552727,48.516388
Yemen,2020,73.76,61.5,8.48,-363549668.0213568,-1.0515890589626844,2.74,0.0,0.49,15.17,1092.0,54.467521108900414,,11.809621212121211,-1.5726341463414633,13973.745238095238,56.0,527968.0,15.552727,48.516388
Zambia,2020,44.52,10.4,138.23,47754516.12903226,17.138849206349207,2.0,0.0,13.1,86.75,3099.08,3.3002032520325204,,11.809621212121211,-2.79,985.13,25.0,752618.0,-13.133897,27.849332
Zimbabwe,2020,52.75,30.4,80.61,30000.0,81.9,3.4,0.0,4.19,55.2,2680.13,10.0,,11.809621212121211,-5.26,1214.51,38.0,390757.0,-19.015438,29.154857
