Access to electricity (% of population),Access to clean fuels for cooking,Renewable-electricity-generating-capacity-per-capita,Financial flows to developing countries (US $),Renewable energy share in the total final energy consumption (%),Electricity from fossil fuels (TWh),Electricity from nuclear (TWh),Electricity from renewables (TWh),Low-carbon electricity (% electricity),Primary energy consumption per capita (kWh/person),Energy intensity level of primary energy (MJ/$2017 PPP GDP),Renewables (% equivalent primary energy),gdp_growth,gdp_per_capita,Density\n(P/Km2),Land Area(Km2)
-1.883082280860072,-1.591998681544047,-1.004948817401337,-0.10429713500665355,1.751004780643862,-0.7346983544686561,-1.0399749845039763,-0.7774242730808225,-1.378747303610668,-0.9087143365250303,2.035742240446069,0.0010219849189311947,-0.02502959546619607,-0.28052156585873556,-0.4817057844056928,-0.7288073498945065
-1.335522047894398,-1.410075088778475,-0.9884635663045463,-0.10633146268856673,0.3404031400023313,-0.7327617555768114,-1.0399749845039763,-0.7774242730808225,-1.378747303610668,-0.82716627374602,0.4494227468134787,0.0010219849189311947,0.029340756691612693,-0.25666212805414956,-0.7852641168144922,-0.7458728340751867
0.6973381681756594,0.978321793386679,0.019345147010399275,-0.009231075007160364,-0.8195585502764541,-0.5631156926512145,-1.0399749845039763,-0.7418288547406731,-1.1091464653958247,0.14900331383407406,-0.879324251718975,-1.04280606130367,0.013938189565967134,0.30283208047283877,-0.07021560047376464,-0.7922487417705059
0.6973381681756594,0.24283069692015177,2.6003504291444863,-0.009035120102365462,-0.20699451158990445,-0.6460021252221683,-1.0399749845039763,-0.1855469681225234,0.936936801647658,-0.35190956934815143,-0.5767787812838933,0.0010219849189311947,0.013370352989906468,-0.18812650714215096,-0.5694004137682348,-0.6495469222604855
0.6724065696342515,-0.7031719854608234,0.7913143440917111,-0.8561624939898786,-0.02252350812292392,-0.7323744357984424,-1.0399749845039763,-0.7724574705217319,-0.1518947975135417,-0.6280073077095992,-0.26605640624245785,0.0010219849189311947,-0.0007545818396025989,-0.1905333695855843,-0.4817057844056928,-0.8074044214551049
-1.4988240183406207,-0.5134516672910123,-0.6836751834310587,-0.10427628539529689,1.1193921057297436,-0.7153323655502088,-1.0399749845039763,-0.5953081792474997,1.0930537830485174,-0.8628583040417095,-1.0183316300269856,0.0010219849189311947,0.056880830630555,-0.24940846004751732,-0.7785183760942966,2.1231646101058717
0.6973381681756594,0.619672424791694,0.019345147010399275,-0.009231075007160364,-0.37475618503270197,0.35212094363459606,-0.7806717375121793,1.3905850439622338,0.38147932951218405,-0.15196971096486295,-0.93656258396345,0.9058881468237209,-0.010904660636687002,-0.07751713074096034,-0.38726541432295514,-0.2513184547099084
0.6973381681756594,0.978321793386679,0.019345147010399275,-0.009231075007160364,-0.557890442097748,-0.627798095638828,-0.4636712903735822,1.910443711813719,1.5485227759370754,1.1117398168130743,-1.06330460536193,2.3021242663170165,-0.03191461395093164,0.6143959846404116,0.5234095829034432,-0.7166450349825042
-1.8082874852358481,-1.604993223884445,-0.8374536325934872,-1.9195278200909538,1.5762251885909075,-0.7331490753551803,-1.0399749845039763,-0.773285270948247,-0.10067370538398662,-0.9135559517534658,2.1353982653360037,0.0010219849189311947,-0.026023309474302234,-0.2885604134477228,0.07144495465034176,-0.6800353339624478
-2.0121033033118585,-1.599795406948286,-0.6957559781279434,-0.10478698027950374,1.6273557384649076,-0.7300505171282288,-1.0399749845039763,-0.7559014619914298,0.5661206316798014,-0.931313088206458,-0.1474912894503312,0.0010219849189311947,-0.00976898748456567,-0.2874998858829558,-0.8392300425760565,2.113630932160972
0.6973381681756594,0.978321793386679,0.019345147010399275,-0.009231075007160364,-0.7854715170271206,1.2410198349913186,-1.0399749845039763,-0.10276692547101303,-0.9564033283867324,0.4484860702844359,-0.7198746118950806,-0.7160553152944307,-0.06917888925491285,0.3233763966764593,-0.4075026364835418,-0.5025769611819675
0.6973381681756594,0.978321793386679,0.019345147010399275,-0.009231075007160364,-0.19229030116862347,-0.32181547072736355,-1.0399749845039763,1.4998547002622276,0.8302006336172079,1.515244544161802,0.23273477474510926,3.2482579525526045,-0.011188578924717333,0.036123505869433574,-0.832484301855861,-0.17944228970103168
0.024808297521177705,0.8223872853019029,-0.4556501835273595,0.25908426812520424,-0.49238986840295057,-0.05456482365279337,-1.0399749845039763,-0.6797438227520403,-1.185824747026895,-0.7270756348850875,-0.5113635444330649,-1.2514541280324614,-0.008491355188429172,-0.24659635931901472,-0.3940111550431507,0.24008203243440035
0.5929370992835135,0.5053204521961914,-0.9390078130141746,-0.10246666056600282,-0.0372277185442049,-0.16804951871489346,-1.0399749845039763,-0.7699740692421866,-1.360037802892687,-0.5590531492965626,-0.9897124639047481,0.0010219849189311947,0.00911157866945147,-0.21308563419451476,-0.2388591184786532,-0.5523806020395979
0.6661736699988994,0.978321793386679,-0.9809130696189934,-0.009231075007160364,-1.149400724953827,-0.45040563714585236,-1.0399749845039763,-0.7774242730808225,-1.378747303610668,2.3714115648143945,2.1353982653360037,-1.5204657863934816,-0.0630036664902531,0.05736178655522843,0.8876795817940024,-0.8019818986769859
0.654642805673498,-0.26525590858941045,2.6003504291444863,-0.07625664422208095,0.8864640451926323,-0.7304378369065977,-1.0399749845039763,0.5619568170206151,1.6620066327510599,-0.5338760886858529,1.1976095182948292,0.0010219849189311947,0.04126532478888669,-0.2881028785052167,-0.49519726584608387,-0.47391100815858955
0.6973381681756594,0.978321793386679,-0.5273799020401125,-0.009231075007160364,-1.1547477105615656,0.3873670434661698,-1.0399749845039763,-0.7774242730808225,-1.378747303610668,2.3714115648143945,-0.6667247319537825,-1.500782006513407,0.03232189871593119,0.28450173718080307,2.395352632757706,-0.81239729723905
0.6973381681756594,0.978321793386679,0.019345147010399275,-0.009231075007160364,0.7293963429653121,-0.5689254893267488,-1.0399749845039763,2.0412361792031057,1.583794785487368,2.3714115648143945,-0.49092128291718085,3.6642418340181826,-0.0248876363221809,0.6143959846404116,-0.8527215240164476,-0.04968889746048582
0.6973381681756594,0.978321793386679,0.019345147010399275,-0.009231075007160364,-0.5822860639330552,-0.627798095638828,-0.8472797021604159,-0.7418288547406731,0.9676081143000862,0.16865129284639524,-0.0943414095090331,-1.3419995154808047,0.020752228478695126,-0.07115493831342697,-0.6638407838509724,-0.6599339924493074
0.6973381681756594,0.978321793386679,0.019345147010399275,-0.009231075007160364,-0.9572434296757221,2.044321055328505,-1.0399749845039763,2.0412361792031057,-0.8751243498577977,0.6013425434168808,-0.8425281809903841,-0.6924347794383411,-0.030849920370817897,0.37239295911086795,0.43571495354090106,-0.10271489077442114
0.6973381681756594,0.978321793386679,0.019345147010399275,-0.009231075007160364,0.818958351894933,-0.620826339628187,-1.0399749845039763,2.0412361792031057,1.6270413363272918,2.3714115648143945,-0.621751756618838,3.6642418340181826,-0.02424882017411265,0.6143959846404116,-0.8527215240164476,-0.04968889746048582
0.6714716346889485,0.978321793386679,-0.9543604896081322,-0.009231075007160364,-1.1644391219755916,-0.735085674247025,-1.0399749845039763,-0.7774242730808225,-1.378747303610668,-0.038727505601416426,1.6391623670379214,0.0010219849189311947,0.03267679657596911,-0.030568625969263734,2.395352632757706,-0.8140379821893298
0.5826528148851822,0.7782058413445496,0.6728973877399557,-0.10478698027950374,-0.6915650822912122,-0.4968840105501255,-1.0399749845039763,-0.16899095959222138,0.28854525217532667,-0.5694490628693677,-0.6789900888633127,0.6080069446385911,-0.0006126226955874291,-0.21471120889986753,-0.4749600436854972,-0.1446857364305718
0.68300249901435,0.978321793386679,2.6003504291444863,-0.09656273596165046,-0.2621353006697085,0.6859905925886244,-0.02492964300940349,1.0064856460592257,-0.2442154485973504,-0.061437458998729315,-0.6258402089220146,1.0029947942320894,0.009608435673504554,0.015860132174369483,-0.7785183760942966,0.9708265844046355
-2.0616548554129075,-1.604993223884445,-0.9508369244882074,-0.0778124115264844,2.011670329021117,-0.7358603138037629,-1.0399749845039763,-0.765835067109611,1.6883839616321479,-0.9376842437649148,1.7209314131014575,0.0010219849189311947,-0.06917888925491285,-0.2864325475907087,-0.8999417090578165,0.6565893828195337
-0.3217409222043941,-1.0280355439707733,-0.9260461270373086,-0.09145803259194842,-0.9742869463003888,-0.6266361363037212,-1.0399749845039763,-0.7774242730808225,-1.378747303610668,-0.21488053151720127,1.6964006992823966,0.0010219849189311947,-0.023680983598051986,-0.2841480350016509,-0.9404161533789896,2.1231646101058717
-1.3560906166910598,-1.5971964984802063,-0.7289781635443764,0.15274272658894922,1.5387962893367377,-0.7029381326424027,-1.0399749845039763,-0.6524264086770419,0.5836032798916855,-0.9090591031832027,0.14278882407522017,0.0010219849189311947,0.018409902602444878,-0.27504938956869807,-0.8392300425760565,2.113630932160972
0.6911052685403073,0.9731239764505197,-0.6026331856727903,-0.056859487530634585,-0.7677596272014867,-0.004600572243199847,-1.0399749845039763,-0.7244450457838558,-1.2781453981107038,-0.5242193151427986,-0.507275092129888,0.0010219849189311947,-0.014027761805020666,-0.2061489082559769,-0.4412313400845195,-0.42785379466224555
-1.2722581165955755,-0.65899054150347,-0.991987131424471,-0.09957915158920166,0.2966246953389717,-0.6758257481565768,-1.0399749845039763,-0.75755706284446,-0.9674450009416065,-0.8548232566377562,-0.39279842764093825,0.0010219849189311947,-0.031346777374870974,-0.27911077230927483,-0.36702819216236854,-0.3496863700958211
0.6194269227337593,-0.8876944866944751,0.21558897181829814,0.25908426812520424,0.4827666318083706,-0.34466733765113117,-1.0399749845039763,-0.39746387731038996,-0.4202687832222881,-0.7508533727884668,-1.341319361977951,0.08835515580462011,-0.006432947600209257,-0.19651294507289327,1.3463899507672994,-0.6592021761405494
-1.7291296598668775,-1.207360228268266,-0.9641761352993511,2.387500154244175,0.4600419429754817,-0.7343110346902871,-1.0399749845039763,-0.7774242730808225,-1.378747303610668,-0.864039357210053,-0.5849556858902468,0.0010219849189311947,0.010176272249565221,-0.2599110883024507,-0.7852641168144922,-0.7853130117216971
0.6973381681756594,0.978321793386679,0.019345147010399275,-0.009231075007160364,-0.4462721175362053,2.044321055328505,0.5831207694326499,2.0412361792031057,0.8314274861233052,2.3714115648143945,1.6146316532188605,2.1761480750845386,-0.02183551472585482,0.28376544889214483,-0.9269246719385986,2.1231646101058717
0.6973381681756594,0.7782058413445496,0.019345147010399275,-0.009231075007160364,-1.1313546485277093,2.044321055328505,0.6974013241635706,0.021403138506252507,0.16984727221042978,0.39211258778046476,2.1353982653360037,-1.2868849318165956,0.006059457073125393,-0.2735016517488329,-0.44797708080471504,0.6107115823537239
0.6973381681756594,0.978321793386679,0.019345147010399275,-0.009231075007160364,-1.0020244341405327,2.044321055328505,-0.9528722615024362,0.25484285878351176,-0.8913801455635847,1.7522621137019239,-0.5645134243743629,-1.0047507535355256,-0.039154530295705134,0.6143959846404116,2.395352632757706,-0.7160170893756346
0.6683551848712723,0.5339084453450672,0.439838723379221,-0.19375185358955185,-1.0631805820290425,-0.047980387420521284,-1.0399749845039763,-0.5514347566421992,-0.9702054190803251,-0.20267852018713575,2.1353982653360037,-0.8472805144949284,0.03381246972809044,-0.27026412379308773,-0.12418152623532898,-0.609651129944329
-1.9566304965572259,-1.6023943154163653,-0.9533537567167252,-0.09519632546369991,1.8893580332440976,-0.7358603138037629,-1.0399749845039763,-0.7650072666830959,1.6883839616321479,-0.9337293485386134,1.4183859426663756,0.0010219849189311947,-0.004942376588050009,-0.28410595443543424,-0.8999417090578165,0.6565893828195337
-0.24351803178072626,-1.3814870956295995,-0.9367426640085086,0.014812610286394074,0.4513530913629066,-0.7319871160200734,-1.0399749845039763,-0.7774242730808225,-1.378747303610668,-0.8624230051315708,-0.3355600953964634,0.0010219849189311947,-0.02332608573801407,-0.23866624012944276,-0.7852641168144922,-0.7458728340751867
0.6543311606917307,-0.07033777348344034,2.6003504291444863,-0.1034205697815532,0.891811030800371,-0.7269519589012772,-1.0399749845039763,0.5909298319486439,1.6463642632983213,-0.5488573161344953,0.8746217863438639,0.0010219849189311947,0.01784206602638421,-0.28573833986826713,-0.49519726584608387,-0.47391100815858955
0.6970265231938916,0.6092767909193755,-0.2262409258979755,0.13874346431749363,-1.1209948639127156,0.9513046407713499,-1.0399749845039763,-0.23190379200736924,-0.9757262553577621,-0.18530790270943281,2.1353982653360037,-1.1031696529358987,0.018551861746460042,-0.24052532549125794,-0.4209941179239329,0.2420886255390591
0.6805093391602087,0.4039630219410872,0.3567832598381384,-0.09354632033409925,-0.35002637659691116,2.044321055328505,-1.0399749845039763,0.35500671039183923,-1.1211082773302716,-0.14795404751463898,0.04466596879897737,-0.9653831937753763,-0.0248876363221809,-0.1509092868268438,-0.02974115615259138,0.3972336829957339
-2.3190736103529455,-1.612789949288684,-0.9120777081690357,1.6076201723053243,2.0427496828660976,-0.7358603138037629,-1.0399749845039763,-0.7699740692421866,1.6883839616321479,-0.9401976505774905,1.7945235545586393,0.0010219849189311947,-0.025455472898241568,-0.29199350657825524,2.1693703186311555,-0.7483893378982058
0.6973381681756594,0.978321793386679,0.019345147010399275,-0.009231075007160364,-0.7467058713710162,2.044321055328505,1.3652631235462231,2.0412361792031057,-0.20280917651657235,0.9376442293358075,-0.7403168734109645,-0.13735218682023578,-0.003948662579943843,0.6143959846404116,0.6650701380275496,0.02873348246511882
0.6973381681756594,0.9757228849185995,0.8635474290501675,0.08535032957682227,-0.8927454157823757,-0.10026855750032855,-1.0399749845039763,-0.5274285442732612,-0.9021151049919346,-0.48082914970503926,-0.527717353645772,0.0010219849189311947,-0.017931638265437744,-0.18852371849840427,-0.17814745199689333,-0.6031780966584769
0.23111727545132935,-1.2541405806936987,-0.7078367728248282,0.25908426812520424,0.22343782983305013,2.044321055328505,-0.02492964300940349,1.0983714934024023,-0.855801422886768,-0.6904919239159235,-0.06163379108361883,-1.0611775891917397,0.00854374209339081,-0.26495467524177263,0.06469921393014622,2.1231646101058717
0.07965781431227555,-0.5446385689079677,-0.3540960031066722,-0.0338883223669754,-0.054939608369838945,0.5856747699910682,-1.0399749845039763,0.9104607965834738,-0.23133349728333075,-0.8027180184331016,-0.654459375044252,0.9268841786958004,0.005917497929110229,-0.26035378558866074,1.528524950212579,-0.10587822578647142
0.6973381681756594,0.978321793386679,0.019345147010399275,-0.009231075007160364,-0.7199709433323233,0.9935224966135645,2.432382864871357,2.0412361792031057,1.4497611491962568,0.8697669499929616,-0.5849556858902468,-0.1924667704844448,-0.023964901886082315,0.5955050941527322,-0.15116448911611116,0.7057320283015117
-0.21765149829401548,-0.7681446971628134,-0.4974295985207525,0.2511242824413885,0.3925362496777824,1.4842566558070145,-1.0012131589227284,1.5958795497379799,-0.3156796070775082,-0.7843742825940824,0.03240061188944693,-0.13997669080424568,-0.019777107137634906,-0.2715815130799634,0.9821199518767401,1.0652521345143364
0.5402690973647886,0.5313095368769875,2.6003504291444863,-0.3653576030457747,-0.5348315666643755,-0.708747929317937,-1.0399749845039763,-0.709544638106584,0.2759700139878312,-0.19684601085841347,-0.7484937780173182,0.0010219849189311947,9.717302448840086e-05,-0.208343908426724,-0.9269246719385986,-0.4273580481305064
0.6350091718221393,0.5858866147066593,2.6003504291444863,-0.1046838549589037,-0.8683497939470686,-0.6785369866051594,-0.9934162399839717,-0.6416650031323455,0.8170119691766641,-0.5778363179385041,0.0037814457672093508,0.0010219849189311947,0.056880830630555,-0.2766314242662313,-0.2523505999190443,-0.7438733230638385
0.6973381681756594,0.978321793386679,0.019345147010399275,-0.009231075007160364,-0.26614553987551237,-0.5193485576955241,-1.0399749845039763,-0.18306356684297814,0.3459006068353673,-0.015062622971036164,-0.2987640246678721,1.2024570970168458,-0.010336824060626337,-0.16401872102480647,-0.46146856224510613,-0.6804862272365534
0.6973381681756594,0.305204500154062,2.6003504291444863,-0.07949549540234363,-0.05761310117370841,-0.6707905910377806,-1.0399749845039763,-0.0994557237649527,1.1663582202878209,-0.2737355898593126,-0.45003675988541303,0.0010219849189311947,-0.006149029312178924,-0.18321475642762342,-0.5694004137682348,-0.6495469222604855
0.6911052685403073,0.42215538121764407,0.019345147010399275,-0.009231075007160364,-0.4462721175362053,0.28472730219840015,-1.0399749845039763,0.09259397518655137,-0.5043081798899413,0.15349809545794516,-0.02074926805185117,0.0010219849189311947,-0.0011094796996405137,-0.11526680400105534,-0.27933356279982646,-0.6311948577950536
0.6973381681756594,0.978321793386679,0.019345147010399275,-0.009231075007160364,-0.3657331468196432,-0.606882827606905,-0.5478780149121555,2.0412361792031057,1.523985725815133,0.7314212673103581,-1.345407814281128,2.827025063119007,-0.02006102542566524,0.6143959846404116,0.5234095829034432,-0.7166450349825042
0.6973381681756594,0.978321793386679,0.019345147010399275,-0.009231075007160364,0.008555845722056494,0.264973993501584,-0.5233734125332056,1.224197158232698,0.605686625001434,1.7384321753935814,0.30223846389911446,1.2260776328729355,-0.013743843516990333,0.6143959846404116,-0.832484301855861,-0.01582940934269692
-1.1943468711536753,-1.363294736353042,-0.7231894494187858,0.05629477049776066,1.8231890863483327,-0.7358603138037629,-1.0399749845039763,-0.5919969775414393,1.6883839616321479,-0.9185563084648007,0.6661107188818478,0.0010219849189311947,-0.0038067034359286762,-0.2895435906075366,0.41547773138031446,-0.4666376983286441
0.6178686978249214,0.5858866147066593,-0.2541777636345215,-0.04860721449360755,-1.1537451507601146,0.4218385037410057,-1.0399749845039763,-0.7368620521815824,-1.3293664902402589,-0.4624275393670462,0.23682322704828593,-0.8577785304309682,0.056880830630555,-0.2618249027243742,-0.3265537478411953,0.22064640769245264
-1.4826184792887058,-1.2177558621405844,-0.8350626419763955,0.5919406500594633,1.3539910992692736,-0.6506499625625956,-1.0399749845039763,-0.6731214193399194,-0.26169809680923445,-0.8817386191640713,0.723349051126323,0.0010219849189311947,0.004639865632973726,-0.2783662138515336,-0.7852641168144922,2.1231646101058717
0.6973381681756594,0.978321793386679,0.019345147010399275,-0.009231075007160364,-0.684881350281539,2.044321055328505,-1.0399749845039763,2.0412361792031057,-0.4248694801201523,0.38883275724576477,-0.9651817500856874,0.33505853030155586,-0.05299554683718387,0.556960025219062,0.43571495354090106,-0.10271489077442114
0.6200502126972943,-0.5004571249506143,-0.20358943584131667,0.25908426812520424,-0.2634720470716431,2.044321055328505,-0.48015620470123943,2.0412361792031057,-0.7916983794431931,-0.5079536872062167,2.056184501961953,-0.7003082913903709,0.03296071486399945,-0.2677465870281019,0.0781906953705373,2.1231646101058717
0.6973381681756594,0.5975817028130171,-0.23945429509769323,-0.10411666569560347,-1.1086299596948204,1.1058452323405576,-1.0399749845039763,-0.19796397452024997,-0.9852343622800149,-0.22750585346833227,1.132194281444001,-1.1294146927759985,0.019403616610551042,-0.22869533509849585,-0.4209941179239329,0.2420886255390591
0.32336419005453887,-1.0852115302685248,-0.971600790373478,0.25908426812520424,-0.21802266940586532,1.8820340681919183,-1.0399749845039763,-0.6681546167808288,-1.319858383318006,-0.8431284739522681,-1.0592161530587534,-1.4076121150810534,0.019829494042596544,-0.25764579169449764,2.395352632757706,-0.4636183658805752
-1.3380152077485392,-1.469849983544306,-1.004948817401337,-0.11151257698298006,1.328927104232999,-0.7254026797878015,-1.0399749845039763,-0.7774242730808225,-1.378747303610668,-0.8967293545661165,-0.06572224338679589,0.0010219849189311947,-0.013601884372975166,-0.28623065816897547,-0.7178067096125368,-0.536469499068539
0.6973381681756594,0.027148241277162755,0.019345147010399275,-0.009231075007160364,-1.1504032847552779,-0.7358603138037629,-1.0399749845039763,-0.7774242730808225,-0.01617598404768181,1.3503944078955974,-1.4639729310732548,0.0010219849189311947,-0.04511681434434213,0.6143959846404116,2.395352632757706,-0.8139600791629136
-0.35913832001650625,-1.0137415473963356,-0.9334707821114357,-0.009231075007160364,-0.9792997453076439,-0.7118464875448884,-1.0399749845039763,-0.7749408718012772,-1.23704583915645,0.25025723012437945,-1.1491621037286426,0.0010219849189311947,0.014435046570020213,0.23073007076391042,-0.6166205988096036,-0.7478676236909945
0.2703845431540467,-1.462053258140067,-0.679144885419727,-0.09883149301485136,0.3587834030289325,2.044321055328505,-0.02492964300940349,0.8450645628887807,-0.7656277636886293,-0.7215374587225748,0.13461191946886644,-1.03493254935164,0.0030783150488068968,-0.27670561254771153,0.06469921393014622,2.1231646101058717
0.6755230194519273,0.9237447155570075,-0.9021362208663909,-0.05936027655518558,-0.6918992688916958,-0.2404783172698857,-1.0399749845039763,-0.7625238654035507,-1.336114179023793,-0.5214066144926728,-0.4295944983695292,0.0010219849189311947,-0.007071763748277505,-0.21801149284453694,-0.4412313400845195,-0.42785379466224555
-1.055664854267093,-1.514031427501659,-0.9376235552884898,-0.03731723927692677,1.3797234675065153,-0.7021634930856648,-1.0399749845039763,-0.7666628675361261,-0.9800202391291021,-0.8930187724033403,0.24091167935146263,0.0010219849189311947,-0.014027761805020666,-0.26238192293614404,1.838829023341574,-0.7485781937198207
0.3894329261892703,0.6404636925363307,-0.36768689714066755,-0.10344635111170321,-0.5649083607079048,-0.29586504557664445,-1.0399749845039763,-0.6325591984406794,-0.9692852797007522,-0.5770099527710142,-0.8425281809903841,0.0010219849189311947,0.03324463315202977,-0.19573481945828555,0.5638840272246164,-0.6991923963675134
0.6973381681756594,0.978321793386679,0.019345147010399275,-0.009231075007160364,-0.9268324490317091,2.044321055328505,-1.0399749845039763,0.7391061082948474,-1.1395110649217286,1.9346705461782179,0.1387003717720431,-1.0099997615035454,-0.018570454413505993,0.6143959846404116,-0.9336704126587941,2.1231646101058717
0.5935603892470485,-0.8980901205667933,-0.1642010114650154,-0.12993220431415078,0.17965938516969054,-0.7331490753551803,-1.0399749845039763,-0.773285270948247,-0.10067370538398662,-0.6766326349688158,-0.6135748520124844,0.0010219849189311947,-0.0027420098558149316,-0.20003822626467493,-0.4817057844056928,-0.8074044214551049
0.6973381681756594,0.978321793386679,0.019345147010399275,-0.009231075007160364,-0.6270670683978656,2.044321055328505,0.653070270768925,2.0412361792031057,0.06617823544522251,0.9463216836783698,-0.9079434178412125,0.716923859975004,-0.024106861030097487,0.6143959846404116,0.6650701380275496,0.02873348246511882
0.6973381681756594,0.027148241277162755,-1.004948817401337,-0.009231075007160364,-1.1657758683775263,-0.7203675226690053,-1.0399749845039763,-0.7774242730808225,-1.378747303610668,1.22347025758547,-1.3004348389461833,0.0010219849189311947,-7.681551894284437,0.6143959846404116,0.894425322514198,-0.8134643326311745
0.6331393019315337,0.978321793386679,2.6003504291444863,-0.10362682042275329,-0.1177666892607672,0.055046673625617375,-0.02492964300940349,0.752350915119089,0.07844676050619373,-0.11849758109409651,-0.28649866775834204,1.0436746059842434,0.005988477501117811,-0.17224097177522366,-0.7785183760942966,0.9708265844046355
0.1862403980767945,0.42735319815380335,-0.76371044829792,0.25908426812520424,-0.7861398902280881,2.044321055328505,-0.7517117528825114,-0.5713019668785617,-1.1852113207738464,0.19276883673660622,1.4756242749108501,-1.4325449029291482,-0.00934311005252017,-0.08136567824778221,-0.6233663395297991,2.063815487814491
0.27007289817227936,-0.6317020025886343,-0.9976500039386358,-0.1235279666273195,-1.0755454862469378,-0.7343110346902871,-1.0399749845039763,-0.7774242730808225,-1.378747303610668,-0.788182011237279,-1.0019778208142784,0.0010219849189311947,-0.005226294876080342,-0.2509489006593681,0.03771625104936405,-0.8123241156081742
0.6973381681756594,0.6014800655151368,-0.23857340381771205,0.25908426812520424,-1.1260076629199707,1.0446487073582649,-1.0399749845039763,-0.30971703209978896,-1.04289643006658,-0.19385183231507688,2.0684498588714835,-1.113667668871939,0.01997145318661171,-0.2368256410279309,-0.4209941179239329,0.2420886255390591
0.6973381681756594,0.978321793386679,0.019345147010399275,-0.009231075007160364,-1.019402137365683,2.044321055328505,-0.9452981116762155,0.11908358883503471,-0.9714322715864221,1.75189213029777,-0.5318058059489487,-1.0743001091117894,-0.05789313730570711,0.6143959846404116,2.395352632757706,-0.7160170893756346
-1.963486686156113,-1.514031427501659,-0.9946298052644147,-8.71779675575394,1.524760452116424,-0.7172689644420537,-1.0399749845039763,-0.7749408718012772,-1.1983999852143905,-0.9144261361844646,0.9890984508328134,0.0010219849189311947,0.026004716807256287,-0.2878713137708914,-0.3130622664008042,-0.386718636016741
-0.24351803178072626,-1.5374216037143753,-0.9785220790019017,-0.009231075007160364,1.0528889722334953,-0.7343110346902871,-1.0399749845039763,-0.7774242730808225,-1.378747303610668,-0.9018264443685933,-0.9447394885698036,0.0010219849189311947,-0.004871397016042427,-0.26366063702054315,2.196353281511938,-0.8088113973261363
0.6661736699988994,0.7808047498126294,2.6003504291444863,-0.08511582537504588,0.18400381097597823,-0.7083606095395679,-1.0399749845039763,-0.05227109945359176,1.4583491167389369,-0.45898442006738444,-1.0714815099682835,0.0010219849189311947,0.006201416217140562,-0.09556604504390548,-0.27933356279982646,-0.6934559007859595
0.6786394692696035,0.9523327087058829,-0.9050305779291862,0.25908426812520424,-0.6775292450708984,-0.21530253167590443,-1.0399749845039763,-0.7716296700952168,-1.3627982210314054,-0.5446159421382737,-0.4827443783108273,0.0010219849189311947,-0.001748295847708762,-0.1909052839540542,-0.4412313400845195,-0.42785379466224555
0.6973381681756594,0.978321793386679,-1.004822975789911,-0.009231075007160364,-1.1654416817770428,2.044321055328505,-0.02492964300940349,-0.7774242730808225,-1.378747303610668,2.2541142173246382,0.28588465468640734,-1.5244025423694965,-0.04646542621248621,0.09625347286958512,-0.8459757832962521,2.1231646101058717
0.6870538837773287,0.9692256137484005,-1.0018027771156899,-1.4345900290792308,-1.1634365621741407,-0.30206216203054753,-1.0399749845039763,-0.7774242730808225,-1.378747303610668,0.5496374660337022,2.1353982653360037,-1.5230902903774914,0.0036461516248675633,-0.26031778602912276,-0.8662130054568387,0.3381690247856608
-0.27187772512157776,-0.6485949076311517,-0.09448475873507654,-0.08970490214174771,0.5592953633191288,-0.601073030931371,-1.0399749845039763,-0.6184865911899227,-0.2880754256903227,-0.7708022991954517,-0.08207605259950301,0.0010219849189311947,0.011099006685663803,-0.264142252749497,-0.35353671072197745,-0.5494769437822682
-2.066017885157654,-1.612789949288684,-0.9960140629900993,0.040619721766554394,1.7794106416849729,-0.7335363951335493,-1.0399749845039763,-0.7757686722277923,-0.6119644872999641,-0.9302366225255455,1.1771672567789453,0.0010219849189311947,0.0001681525964959826,-0.2885718457402788,-0.2051304148776755,-0.6447310988093046
-0.19085002986200184,-0.030054692228206396,2.6003504291444863,0.10912071597513177,1.9214399468905285,-0.7358603138037629,-1.0399749845039763,-0.20375857750585574,1.6883839616321479,0.0018793098249824214,2.1353982653360037,0.0010219849189311947,0.016067576726194632,-0.2514327055507262,-0.81899282041547,-0.7234509266539527
-1.3751009605788835,-1.591998681544047,-0.5959635802672185,0.25808524158189133,1.3503150466639533,-0.7161070051069468,-1.0399749845039763,-0.6863662261641611,0.7167167768032237,-0.8930811941843761,0.33494608232452877,0.0010219849189311947,0.04495626253328101,-0.27787073342735236,-0.596383376649017,-0.23369348515769395
-1.0382127352881074,-0.4952593080144552,-0.6585068611458822,-0.10478698027950374,-0.32462819496015294,-0.6870580217292761,-1.0399749845039763,-0.7418288547406731,-0.5984691097328957,-0.7778026332356093,-0.711697707288727,0.0010219849189311947,0.00031011174051115236,-0.2550569855312373,-0.920178931218403,1.6190836348890045
-0.3756555040501891,-1.0982060726089227,-0.9066665188777226,-0.009231075007160364,-0.9251615160292908,-0.7296631973498598,-1.0399749845039763,-0.7765964726543074,-1.1983999852143905,-0.6352126828318353,-0.7893783010490858,0.0010219849189311947,0.056880830630555,-0.14603840047719718,-0.6166205988096036,-0.7478676236909945
0.6973381681756594,0.978321793386679,-1.004948817401337,-0.009231075007160364,-1.1657758683775263,-0.08709968503578452,-1.0399749845039763,-0.7774242730808225,-1.378747303610668,2.106404440708076,0.6006954820310192,-1.5244025423694965,0.011524884117709305,0.11353934245448577,-0.8459757832962521,-0.08345159696969706
0.6973381681756594,0.2818143239413458,2.6003504291444863,0.25908426812520424,-0.72698886194248,2.044321055328505,2.432382864871357,2.0412361792031057,-0.48314497415976587,0.12806721383030764,0.5802532205151354,0.06867137592454564,0.0174871681663463,-0.08121827464589029,0.0781906953705373,2.1231646101058717
0.3613848778301861,-0.2847477221000075,-0.14696071069966943,0.25908426812520424,-0.062291713580479434,2.044321055328505,-0.1956800479928848,2.0412361792031057,-0.8401590534340296,-0.6905824561678896,-0.22517188321069018,-0.6045138959740076,0.0267854920993397,-0.2535403824655671,2.1761160593513513,2.1231646101058717
0.43555638349087483,-0.39390187775935065,1.2247128538424508,0.15052553219604833,0.497136655629168,-0.5886787980235648,-1.0399749845039763,-0.2716382124800942,0.512139121411528,-0.7024673979214345,-0.20881807399798305,0.0010219849189311947,-0.004587478728012094,-0.23504633847374037,-0.35353671072197745,-0.5494769437822682
0.6247248874238085,-0.1496044817598681,-0.7566633180580705,-0.09883149301485136,-1.1554160837625327,-0.009857324704079755,-0.02492964300940349,-0.0003199066776097927,-0.01617598404768181,-0.9462327206526211,-0.5481596151616558,0.0010219849189311947,-0.05909979002983602,-0.21039539683985356,1.6971684682174677,-0.8140261787004789
0.5334129077659014,0.5780898893024202,2.6003504291444863,-0.17885642153551257,-0.3440110177882053,-0.708747929317937,-1.0399749845039763,-0.7062334364005236,0.31216216291769644,-0.19966284540132317,-1.0019778208142784,0.0010219849189311947,0.004426926916950981,-0.1559472792400213,-0.9269246719385986,-0.4273580481305064
-1.2504429678718434,-0.49006149107829594,-0.5485212927596608,-0.10285338051825298,0.7888815578514037,-0.7095225688746748,-1.0399749845039763,-0.5729575677315919,1.0261903214662238,-0.8338296955242944,-1.0592161530587534,0.0010219849189311947,0.056880830630555,-0.21974336354663349,-0.7785183760942966,2.1231646101058717
0.6973381681756594,0.978321793386679,0.019345147010399275,-0.009231075007160364,-0.5124410644319701,-0.6181151011796044,-0.4547605258721459,1.9882569519061386,1.5396280952678716,1.0031354257638199,-1.1859581744572336,2.3139345342450612,-0.012253272504831086,0.6143959846404116,0.5234095829034432,-0.7166450349825042
0.6664853149806671,0.8821621800677336,0.45997338120736214,-0.009231075007160364,-0.6414370922186632,-0.6595583174650813,-1.0399749845039763,-0.7484512581527939,-0.9159171956855272,-0.3053917006301373,-0.9242972270539196,0.0010219849189311947,0.008827660381421142,-0.13576101270964328,2.395352632757706,-0.8092717333913227
0.6661736699988994,0.978321793386679,-1.004948817401337,-0.009231075007160364,-1.1340281413315785,-0.7265646391229084,-1.0399749845039763,-0.7774242730808225,-1.378747303610668,1.3063998673328403,-0.7607591349268484,0.0010219849189311947,0.03494814288021177,-0.0034443883875956813,0.4896808793024654,-0.8130134393570687
-1.9971443441870143,-1.5945975900121268,-0.9157271149003862,-0.08472910542279573,1.9832644679800062,-0.7335363951335493,-1.0399749845039763,-0.589513576261894,1.6092519749888834,-0.9330365081080415,2.1353982653360037,0.0010219849189311947,-0.047175221932562045,-0.2927764969982059,-0.17814745199689333,1.792830990774751
0.46547430174056476,-0.3627149761423955,2.6003504291444863,0.43408834229109455,1.0749452878654169,-0.735085674247025,-1.0399749845039763,2.0412361792031057,1.6871571091260507,-0.0003207479145781891,-0.6299286612251915,0.0010219849189311947,-0.0011804592716480955,-0.26247046239338606,-0.832484301855861,0.1461309825765071
0.6973381681756594,0.978321793386679,0.019345147010399275,-0.009231075007160364,-0.8496353443199834,1.5175661567467433,2.432382864871357,2.0412361792031057,1.3709358756795167,1.1246789012264988,-0.43777140297588296,-0.6530672196781918,-0.014666577953088915,0.6143959846404116,-0.15116448911611116,0.7057320283015117
0.14261010062933072,0.5001226352600321,1.8422176411092566,-0.09138113134229987,-0.20632613838893715,-0.6680793525891979,-1.0399749845039763,-0.49597212806568725,0.6461727577026389,-0.05423456421216344,-1.1450736514254658,0.0010219849189311947,-0.016015189821232997,-0.19531644619879032,-0.5626546730480393,-0.6360437310150172
0.6973381681756594,0.978321793386679,0.019345147010399275,-0.009231075007160364,-0.6280696281993167,-0.7250153600094325,-1.0399749845039763,-0.7211338440777955,0.7937017715608184,2.21109982274093,-1.1123660330000515,-0.978505713695426,-0.01764771997740741,0.6143959846404116,0.6785616194679406,-0.8079827924088007
0.6705366997436457,0.8613709123230969,0.48400912898970566,-0.009231075007160364,-0.5281478346547023,-0.6707905910377806,-1.0399749845039763,-0.7467956572997637,-0.8251301102343398,-0.3853759117690204,-0.9079434178412125,0.0010219849189311947,-0.0011094796996405137,-0.1646234163289374,2.395352632757706,-0.8092717333913227
-1.9475927920859655,-1.5738063222674898,-0.7020480586992376,-0.10458072963830366,1.4696196630366198,-0.6576217185732366,-1.0399749845039763,-0.6093807864982566,0.1584988865290312,-0.8850928597688804,0.535280245180191,0.0010219849189311947,-0.027584860058469066,-0.2860146608117477,-0.3198080071209997,0.5559835259474839
0.5586561512890771,0.5430046249833457,1.5529077764411523,-0.10200259662330263,-0.25946180786583917,0.12244031506181327,-1.0399749845039763,2.0412361792031057,0.4869886450365368,-0.5349256840636704,-1.0183316300269856,1.9688122603477525,-0.016228128537255745,-0.12474320156888961,-0.7785183760942966,2.1231646101058717
0.6973381681756594,0.978321793386679,0.019345147010399275,-0.009231075007160364,-0.520461542843578,-0.6192770605147112,-0.44985960539635594,1.9178939156523551,1.5396280952678716,0.9644897290740756,-1.1982235313667637,2.3742981258772904,-0.0034518055758907614,0.6143959846404116,0.5234095829034432,-0.7166450349825042
0.6973381681756594,0.978321793386679,-0.9972724791043581,-0.009231075007160364,-1.1657758683775263,0.09494061079761834,-1.0399749845039763,-0.7774242730808225,-1.378747303610668,2.3714115648143945,2.1353982653360037,0.0010219849189311947,0.01251859812581547,0.26538597106614503,2.395352632757706,-0.8122816230483109
0.6505914209105194,0.7496178481956741,2.100947994200871,0.25908426812520424,-0.07866685700417886,-0.11343742996487259,-1.0399749845039763,2.0412361792031057,1.0519542240942636,-0.4762574776753887,-1.083746866877814,2.783720747382843,-0.022190412585892737,-0.14057571055757856,-0.6436035616903858,1.8745347406009152
0.4305700637825933,0.6560571433448082,2.6003504291444863,0.25908426812520424,-0.5047547726208459,-0.6134672638391772,-1.0399749845039763,-0.3477958517194837,0.5277814908642663,0.14736298517744564,-1.435353764951017,0.0010219849189311947,0.004143008628920648,0.015568973574592828,-0.5626546730480393,-0.6360437310150172
0.30934016587499674,-0.009263424483569656,0.3829583150147221,-0.06861673815613964,-0.02887305353211339,-0.675051108599839,-1.0399749845039763,-0.5787521707171976,0.4753335462286143,-0.7311756297481017,-0.5726903289807165,0.0010219849189311947,-0.020699841573733488,-0.2440163098053717,1.157509210601824,-0.7644161150600038
0.18156572335028076,-1.4854434343527834,-0.9183697887403298,-0.09362366432454929,0.38518414446714166,-0.735085674247025,-1.0399749845039763,-0.7774242730808225,-1.378747303610668,-0.8585809651782683,0.4248920329944178,0.0010219849189311947,-0.03681220441945489,-0.2557229773826896,0.03771625104936405,-0.8121730309508822
-0.13537722310736894,0.04011583640994274,2.6003504291444863,-0.045799296896280164,1.8686384640141103,-0.7358603138037629,-1.0399749845039763,-0.1764411634308573,1.6883839616321479,0.05764800381467756,2.0520960496587763,0.0010219849189311947,0.05297695417013791,-0.2407547010631789,-0.81899282041547,-0.7234509266539527
0.6973381681756594,0.978321793386679,-0.9776411877219204,-0.009231075007160364,-1.1507374713557614,-0.4000540659578899,-1.0399749845039763,-0.7765964726543074,-1.375066746092377,2.3714115648143945,2.1353982653360037,-1.5230902903774914,-0.031346777374870974,0.11874638685333143,0.8876795817940024,-0.8019818986769859
0.4152994596759811,0.4247542896857239,-1.0044454509556333,0.041851704452945296,-1.1006094812832123,-0.7292758775714908,-1.0399749845039763,-0.7774242730808225,-1.378747303610668,-0.5484769979983819,-1.1982235313667637,0.0010219849189311947,-0.06917888925491285,-0.20714327446807954,2.395352632757706,-0.8133840689069881
0.6973381681756594,-0.48746258261021636,0.019345147010399275,-0.009231075007160364,-0.5468622842817872,-0.2834708126688383,-1.0399749845039763,-0.4645157118581134,-0.6288337092587997,-0.08059681188400042,0.42080358069124113,0.0010219849189311947,-0.00934311005252017,-0.16447260736330538,-0.522180228726866,-0.6932269131022515
-0.21578162840340978,-1.1112006149493208,-0.2527935059088367,-0.09870258636410131,0.37783203925650116,-0.5669888904349041,-1.0399749845039763,-0.10111132461798286,0.621022281327648,-0.8346779703235387,-0.8507050855967376,0.0010219849189311947,0.02004243275861929,-0.2382517587142219,-0.02974115615259138,-0.2509832356265419
-0.5336595098063623,-1.2827285738425744,-0.3712104622605923,-0.08475488675294574,0.7504500987957827,-0.6583963581299744,-1.0399749845039763,-0.2691548112005489,0.9347898097619882,-0.8676957853773609,-0.6830785411664896,0.0010219849189311947,0.033102674008014615,-0.26607917499679967,-0.02974115615259138,-0.2509832356265419
-0.3703575393601399,-0.9968486423538183,0.5278020097659128,-0.009231075007160364,-1.0180653909637483,-0.7099098886530437,-1.0399749845039763,-0.7708018696687017,-1.0514843976092596,0.16950824882048576,-0.973358654692041,0.0010219849189311947,0.02714038995937762,0.23241961765952324,-0.6166205988096036,-0.7478676236909945
-1.608834696904584,-1.591998681544047,-1.0028095100070968,-0.09612445334910029,1.7349638238206462,-0.7327617555768114,-1.0399749845039763,-0.7774242730808225,-1.378747303610668,-0.9159052430225231,1.5614817732775628,0.0010219849189311947,0.010176272249565221,-0.27771846502011743,-0.4817057844056928,-0.7288073498945065
0.6942217183579835,0.6092767909193755,2.6003504291444863,0.014632140975344,-0.232058506626179,-0.6587836779083435,-1.0399749845039763,0.04458155044867535,1.176479753463122,-0.14494374678944544,-0.5195404490394184,0.0010219849189311947,0.00251047847274623,-0.18080570482178573,-0.5694004137682348,-0.6495469222604855
-2.232124660439785,-1.591998681544047,-1.004948817401337,-0.10476119894935373,1.768716670469496,-0.7346983544686561,-1.0399749845039763,-0.7774242730808225,-1.378747303610668,-0.9087283917604954,2.1353982653360037,0.0010219849189311947,0.0008779483165718188,-0.28210603295894016,-0.4817057844056928,-0.7288073498945065
-2.2570562589811924,-1.5582128714590122,-1.0025578267842452,-0.022230795120683502,1.632702724072646,-0.7312124764633355,-1.0399749845039763,-0.7765964726543074,-1.1428849093134956,-0.9417954001384453,-0.282410215455165,0.0010219849189311947,-0.02722996219843115,-0.2784031863721402,-0.8662130054568387,2.1231646101058717
0.6973381681756594,0.978321793386679,0.019345147010399275,-0.009231075007160364,0.4480112253580699,-0.5774465244508655,0.3866384121759791,2.0412361792031057,1.6129325325071748,1.8762325976179968,-0.20472962169480635,3.6642418340181826,-0.03603142912737147,0.6143959846404116,-0.7852641168144922,0.24892284558374983
0.6973381681756594,0.978321793386679,0.019345147010399275,-0.009231075007160364,-0.6939043884945978,1.7852041235996827,2.432382864871357,2.0412361792031057,1.3292228904722143,0.8161859120644755,-0.6626362796506056,-0.1544114627163006,-0.015589312389187496,0.6143959846404116,-0.15116448911611116,0.7057320283015117
0.6764579543972301,0.07909946343113695,2.6003504291444863,-0.18990085410939114,0.856387251149103,-0.7343110346902871,-1.0399749845039763,2.0412361792031057,1.6862369697464783,-0.028860316915664534,-0.8507050855967376,0.0010219849189311947,-0.01083368106467942,-0.16399804560209888,-0.832484301855861,0.1461309825765071
0.6973381681756594,0.978321793386679,0.019345147010399275,-0.009231075007160364,0.7340749553720833,-0.7130084468799953,-1.0399749845039763,2.0412361792031057,1.6718214527998365,2.3714115648143945,-0.32329473848693296,3.6642418340181826,-0.0036647442919135096,0.6143959846404116,-0.8527215240164476,-0.04968889746048582
0.6696017647983429,0.5780898893024202,0.5799004368962283,0.25908426812520424,-0.8660104877436829,2.044321055328505,-0.8526261608612776,2.0412361792031057,-0.7797365675087461,-0.14633356154337313,-0.5767787812838933,-0.8079129547347791,-0.006007070168163757,-0.046562860824190026,-0.508688747286475,2.1231646101058717
0.39971721058760107,-0.09762631239827607,-0.2972155947421733,-0.08808067834229706,-0.5010787200155257,2.044321055328505,-1.0399749845039763,-0.21783118475661248,-1.1622078362845252,-0.43803426482815305,-0.07798760029632597,-1.1871537804242174,-0.007426661608315423,-0.24963126813222522,-0.02974115615259138,0.3972336829957339
0.6942217183579835,0.978321793386679,-0.9955106965443957,-0.009231075007160364,-1.1654416817770428,2.044321055328505,-0.02492964300940349,-0.773285270948247,-1.378440590484144,2.3714115648143945,0.24908858395781638,-1.5244025423694965,-0.01999004585365766,0.18784851434751862,-0.8459757832962521,2.1231646101058717
-1.457998525729065,-0.9929502796516989,-0.834433433919266,0.6635542900313322,1.0278249771972208,-0.6088194264987499,-1.0399749845039763,-0.6400094022793154,-0.34819119848908187,-0.8586508279663152,0.18367334710698785,0.0010219849189311947,0.008898639953428725,-0.26013778823143296,-0.7852641168144922,2.1231646101058717
0.6973381681756594,0.34028976447313686,0.019345147010399275,-0.009231075007160364,-0.5308213274585715,-0.5689254893267488,-1.0399749845039763,-0.670638018060374,-0.6720802600987233,-0.3701499578675746,-0.6462824704378987,0.025367060188381387,-0.02417784060210507,-0.16310511058139712,-0.3940111550431507,-0.7533869350776912
0.6973381681756594,0.978321793386679,0.019345147010399275,-0.009231075007160364,-0.15753489471832272,0.07983513944122957,-1.0399749845039763,1.662103583859188,0.4100036502789422,0.20646359675091716,-0.9120318701443894,2.2955630063569914,-0.038373755003621716,0.23086020430683488,-0.2051304148776755,-0.5964028940580409
-0.6676668519664304,-1.4828445258847038,-1.004948817401337,-0.20666560127817615,-0.07900104360466245,-0.7242407204526946,-1.0399749845039763,-0.7774242730808225,-1.378747303610668,-0.7896677323037918,0.04466596879897737,0.0010219849189311947,-0.007150227198258854,-0.27007658554711633,-0.6638407838509724,-0.7593193685741706
0.6973381681756594,-0.08463177005787807,0.019345147010399275,-0.009231075007160364,-0.676860871869931,-0.5294188719331167,-1.0399749845039763,-0.7145114406656746,-0.9959693217083648,-0.37839624719278203,0.04057751649580068,-0.5021582405976194,-0.021267678149794154,-0.24729908045080645,-0.3940111550431507,-0.7533869350776912
-0.11730181416484817,-0.6849796261842661,-0.4674792950013924,-0.10305963115945306,0.6612222764666453,-0.6580090383516055,-1.0399749845039763,-0.7203060436512804,-0.5947885522146044,-0.8076398311815437,-0.0003070065359673423,0.0010219849189311947,-0.026520166478355315,-0.27133608365041073,-0.5828918952086259,-0.506323388543254
-1.2261346592939704,-0.4302865963124652,-0.538705647068442,-0.16968088575749013,0.4366488809416256,-0.6103687056122256,-1.0399749845039763,-0.38587467133917847,0.4415951023109433,-0.7850973004419763,-1.0183316300269856,0.0010219849189311947,0.003291253764829648,-0.16786313344708684,-0.7785183760942966,2.1231646101058717
-0.02505489956163863,-0.45107786405710193,-0.6323318059692986,-0.10429676890700176,0.005548166317703435,-0.7048747315342475,-1.0399749845039763,-0.7724574705217319,-1.1646615412967196,-0.5715246904361345,0.47395346063253924,0.0010219849189311947,-0.020770821145741074,-0.2699865866482714,-0.9269246719385986,-0.306610717883223
-0.48067986290587017,-1.0462279032473307,-0.6324576475807245,0.25908426812520424,1.4826529404554827,-0.6084321067203808,-1.0399749845039763,-0.3643518602497858,0.46981270995117724,-0.8740239484508658,-0.2701448585456349,0.0010219849189311947,-0.0037357238639210946,-0.2571235548409301,-0.5761461544884303,0.30828259101509625
0.6973381681756594,0.978321793386679,0.03978824065634019,-0.10308541248960307,-1.1250051031185198,-0.7180436039987915,-1.0399749845039763,-0.7765964726543074,-1.3134174076609961,1.130696195562659,-0.8220859194745,0.0010219849189311947,0.0005230504565338975,0.07084654048540112,0.4896808793024654,-0.8130134393570687
0.6973381681756594,0.978321793386679,0.019345147010399275,-0.009231075007160364,-0.7159607041265194,-0.01583284581589914,-0.6888908631473853,-0.5274285442732612,0.16248615717384696,0.20378896811977154,-0.22517188321069018,-1.0834858730558243,-0.02417784060210507,0.0259555762220964,-0.23211337775845767,-0.5944765646775685
0.6792627592331386,-0.02745578376012694,0.019345147010399275,-0.009231075007160364,-0.5575562554972643,-0.5352286686086508,-1.0399749845039763,-0.6549098099565871,-0.6972307364737145,-0.3174089269527652,0.07328513492121458,0.24976215082123232,0.0013038257486173155,-0.22767542865834262,-0.3940111550431507,-0.7533869350776912
0.6973381681756594,0.978321793386679,-0.8193324405481601,-0.009231075007160364,-1.161097255970755,2.044321055328505,-1.0399749845039763,-0.7517624598588543,-1.3701593360679882,2.3714115648143945,0.12643501486251305,-1.5139045264334567,-0.0005416431235798474,0.6143959846404116,-0.1579102298363067,-0.6167332232548893
0.6973381681756594,0.978321793386679,0.019345147010399275,-0.009231075007160364,-0.07465661779837503,-0.345829296986238,-1.0399749845039763,1.9692175420962914,0.9743558030836204,1.2813951900512168,-0.23743724012022063,3.6629295820261776,-0.015802251105210247,0.6143959846404116,-0.832484301855861,-0.17944228970103168
0.6845607239231879,0.3545837610475746,2.6003504291444863,-0.1046838549589037,1.6754786089345546,-0.7358603138037629,-1.0399749845039763,-0.12511753698692088,1.6883839616321479,0.07453040855460873,1.3120861827837795,0.0010219849189311947,0.025862757663241125,-0.2243997119806552,-0.81899282041547,-0.7234509266539527
-2.2486418444734677,-1.0800137133323655,-0.5389573302912938,-0.10412334303783229,0.7036639747280701,-0.7358603138037629,-1.0399749845039763,-0.7509346594323392,1.6883839616321479,-0.8919757912539769,2.1353982653360037,0.0010219849189311947,0.0005230504565338975,-0.28172949702539446,-0.4749600436854972,-0.7424285760284842
0.6973381681756594,0.978321793386679,-1.0036904012870782,-0.009231075007160364,-1.1654416817770428,2.044321055328505,-0.02492964300940349,-0.7765964726543074,-1.378747303610668,2.3714115648143945,0.28588465468640734,-1.5244025423694965,0.03913593762865918,0.28191244453700837,-0.8459757832962521,2.1231646101058717
0.6973381681756594,0.978321793386679,0.019345147010399275,-0.009231075007160364,-0.04290889075242719,-0.600298391374633,-1.0399749845039763,0.04540935087519044,0.8897029801629185,-0.019778981248121184,-0.7198746118950806,2.165650059148499,-0.03432791939918947,0.03907328058914216,-0.46146856224510613,-0.6804862272365534
0.6973381681756594,-0.024856875292047304,0.019345147010399275,-0.009231075007160364,0.26988976730027897,-0.6773750272700525,-1.0399749845039763,-0.654082009530072,0.14469679583543868,-0.07667250746429946,-0.5767787812838933,0.0010219849189311947,-0.007781559468353338,-0.13722969744268526,-0.6368578209701903,-0.7814815992406839
0.6973381681756594,0.978321793386679,0.019345147010399275,-0.009231075007160364,-0.7610758951918135,-0.5584678553107874,-1.0399749845039763,-0.7376898526080975,-1.087676546539125,0.15477877544237928,-0.9610932977825105,-1.0165610214635703,0.00854374209339081,0.4178407003456753,-0.07021560047376464,-0.7922487417705059
0.6879888187226315,0.978321793386679,2.6003504291444863,0.25908426812520424,-0.360051974611421,1.0032054910727881,-0.02492964300940349,1.6496865774614615,-0.1672304538397558,0.06728369450453422,-0.6299286612251915,1.416354171713657,-0.023468044882029238,0.0691487234207053,-0.7785183760942966,0.9708265844046355
0.6973381681756594,0.978321793386679,0.019345147010399275,-0.009231075007160364,-0.9268324490317091,2.044321055328505,-1.0399749845039763,0.7540065159721192,-1.1131337360406401,1.9095757500339066,0.28179620238323067,-0.9981894935755008,-0.00976898748456567,0.27574703348559804,-0.9336704126587941,2.1231646101058717
0.541827322273627,0.978321793386679,-1.004948817401337,-0.009231075007160364,-1.1283469691233563,-0.727726598458015,-1.0399749845039763,-0.7774242730808225,-1.378747303610668,0.7912353887783206,-0.7157861595919038,0.0010219849189311947,-0.06917888925491285,-0.08832162016742487,0.4896808793024654,-0.8130134393570687
-0.0593358475560745,-0.8876944866944751,0.6794411515341013,-2.529125757061746,0.507162253643678,-0.7288885577931219,-1.0399749845039763,-0.741001054314158,0.7979957553321584,-0.5614102949619091,-0.9570048454793338,0.0010219849189311947,-0.04391016162021321,-0.24534877998881063,-0.6233663395297991,-0.7709481657901106
-0.0007465909837657607,-0.10022522086635571,-0.11411605011751408,-0.10135584962113887,-0.126789727473826,-0.7122338073232575,-1.0399749845039763,-0.7683184683891564,-0.9100896462815659,-0.5750529679271434,-0.049368434174088746,0.0010219849189311947,-0.004303560439981761,-0.19270064036587647,-0.9269246719385986,-0.306610717883223
0.588574069538767,0.978321793386679,-1.004948817401337,-0.009231075007160364,-1.1353648877335134,-0.7261773193445393,-1.0399749845039763,-0.7774242730808225,-1.378747303610668,1.0151402504080962,-0.7566706826236715,0.0010219849189311947,-0.04710424236055446,-0.02513023116494357,0.4896808793024654,-0.8130134393570687
0.6911052685403073,0.9705250679824402,-0.6499496315689222,-0.22520824304382714,-0.736011900155539,-0.06695905656059954,-1.0399749845039763,-0.7285840479164314,-1.2775319718576552,-0.5532094784573238,-0.5195404490394184,0.0010219849189311947,-0.012608170364869,-0.18515411107759755,-0.4412313400845195,-0.42785379466224555
0.2267542457065829,-0.9032879375029526,-0.6442867590547575,0.25908426812520424,1.6433966952881234,-0.7358603138037629,-1.0399749845039763,-0.4645157118581134,1.6883839616321479,-0.9007830498299517,0.25726548856416975,0.0010219849189311947,0.01081508839763347,-0.27513282098033,0.41547773138031446,-0.4666376983286441
0.6973381681756594,0.7937992921530274,1.0350695454236458,-0.008442149508915225,-1.1209948639127156,2.044321055328505,-0.02492964300940349,-0.09283332035283186,-1.110680031028446,0.870529239822302,0.5679878636056054,-1.1333514487520133,-0.0020322141357390954,0.015841159433531895,-0.906687449778012,2.1231646101058717
0.3688643573926083,0.4689357336430772,0.3246936489245384,-0.08872521159604732,1.703550283375182,-0.6982902953019755,-1.0399749845039763,-0.7029222346944631,0.09746297435069934,-0.5653089692463502,1.6350739147347448,0.0010219849189311947,0.01848088217445246,-0.08043187886219955,-0.8931959683376208,-0.1822066667899204
-0.13070254838085474,0.027148241277162755,-0.9953848549329698,-0.009231075007160364,-1.0638489552300099,0.6298292247251276,-1.0399749845039763,-0.7765964726543074,-1.3778271642310953,0.25683259998635816,2.1353982653360037,0.0010219849189311947,-0.06917888925491285,-0.19016729298352597,-0.9269246719385986,2.1231646101058717
